-- phpMyAdmin SQL Dump
-- version 5.1.0
-- https://www.phpmyadmin.net/
--
-- Host: 127.0.0.1
-- Generation Time: May 19, 2021 at 11:28 PM
-- Server version: 10.4.18-MariaDB
-- PHP Version: 8.0.3

SET SQL_MODE = "NO_AUTO_VALUE_ON_ZERO";
START TRANSACTION;
SET time_zone = "+00:00";


/*!40101 SET @OLD_CHARACTER_SET_CLIENT=@@CHARACTER_SET_CLIENT */;
/*!40101 SET @OLD_CHARACTER_SET_RESULTS=@@CHARACTER_SET_RESULTS */;
/*!40101 SET @OLD_COLLATION_CONNECTION=@@COLLATION_CONNECTION */;
/*!40101 SET NAMES utf8mb4 */;

--
-- Database: `election_db`
--

DELIMITER $$
--
-- Procedures
--
CREATE DEFINER=`root`@`localhost` PROCEDURE `Activate_all_codes` ()  UPDATE voter_codes SET status = "active"$$

CREATE DEFINER=`root`@`localhost` PROCEDURE `Activate_code` (IN `number` INT(7))  UPDATE voter_codes set Status = "active" WHERE Code_num = number$$

CREATE DEFINER=`root`@`localhost` PROCEDURE `Lock_all_codes` ()  SQL SECURITY INVOKER
UPDATE voter_codes SET Status = "locked"$$

CREATE DEFINER=`root`@`localhost` PROCEDURE `Lock_code` (IN `number` INT)  UPDATE voter_codes SET Status = "locked" where Code_num = number$$

CREATE DEFINER=`root`@`localhost` PROCEDURE `Lock_users` (IN `count` INT(1))  MODIFIES SQL DATA
UPDATE offical_logins SET STATUS = "Locked" WHERE Failed_login_count >=3$$

DELIMITER ;

-- --------------------------------------------------------

--
-- Table structure for table `application_details`
--

CREATE TABLE `application_details` (
  `version_number` float NOT NULL,
  `Update_number` int(5) NOT NULL,
  `Update_date` date NOT NULL,
  `recency_index` int(11) NOT NULL
) ENGINE=InnoDB DEFAULT CHARSET=utf8;

--
-- Dumping data for table `application_details`
--

INSERT INTO `application_details` (`version_number`, `Update_number`, `Update_date`, `recency_index`) VALUES
(1.87, 14, '2020-08-02', 0),
(1.87, 14, '2020-08-02', 1);

-- --------------------------------------------------------

--
-- Table structure for table `candidates`
--

CREATE TABLE `candidates` (
  `ID` int(3) NOT NULL,
  `Candidate_name` varchar(26) DEFAULT NULL,
  `Party_ID` varchar(4) DEFAULT NULL,
  `Standing_in` int(2) DEFAULT NULL,
  `Retiring` varchar(5) DEFAULT NULL COMMENT 'this should be a bool, find where it is used in election prog so it can be altered',
  `Incumbent` varchar(5) DEFAULT NULL,
  `Votes` int(8) NOT NULL,
  `Party_grandee` int(2) NOT NULL COMMENT '0 = no, 1 = yes, 2 = leader'
) ENGINE=InnoDB DEFAULT CHARSET=utf8;

--
-- Dumping data for table `candidates`
--

INSERT INTO `candidates` (`ID`, `Candidate_name`, `Party_ID`, `Standing_in`, `Retiring`, `Incumbent`, `Votes`, `Party_grandee`) VALUES
(1, 'Sir William Baldwin', 'TORY', 13, 'FALSE', '1', 64086, 2),
(2, 'Duncan Walker', 'TORY', 2, 'FALSE', '0', 97030, 0),
(3, 'Daniel Winters', 'TORY', 3, 'FALSE', '1', 302151, 1),
(4, 'Malcom Williams', 'TORY', 4, 'FALSE', '0', 21340, 0),
(5, 'Ron Morgan', 'TORY', 5, 'FALSE', '0', 1110, 0),
(6, 'Patrick Hughes', 'TORY', 6, 'FALSE', '1', 207177, 0),
(7, 'Owen Powell', 'TORY', 7, 'FALSE', '1', 320904, 0),
(8, 'Martin Palmer', 'TORY', 8, 'FALSE', '0', 22740, 0),
(9, 'Daniel Young', 'TORY', 9, 'FALSE', '1', 185500, 0),
(10, 'Adam Hall', 'TORY', 10, 'FALSE', '0', 4770, 0),
(11, 'Craig Bennett', 'TORY', 11, 'FALSE', '0', 24200, 0),
(12, 'Lewis Powell', 'TORY', 1, 'FALSE', '0', 132129, 0),
(13, 'Kyle Wilson', 'TORY', 65, 'FALSE', '1', 270205, 0),
(14, 'Daniel Campbell', 'TORY', 12, 'FALSE', '1', 250848, 0),
(15, 'Jack Cooper', 'TORY', 14, 'FALSE', '1', 205140, 0),
(16, 'Duncan Hamilton', 'TORY', 15, 'FALSE', '1', 109368, 0),
(17, 'Henry Parker', 'TORY', 16, 'FALSE', '0', 3150, 0),
(18, 'Ron Coleman', 'TORY', 17, 'FALSE', '0', 5420, 0),
(19, 'Daniel Atkinson', 'TORY', 18, 'FALSE', '1', 73680, 0),
(20, 'Colin Hall', 'TORY', 19, 'FALSE', '0', 3110, 1),
(22, 'Lewis Anderson', 'TORY', 21, 'FALSE', '0', 91960, 0),
(23, 'Malcom Stewart', 'TORY', 22, 'FALSE', '0', 110124, 0),
(24, 'Paul Campbell', 'TORY', 23, 'FALSE', '0', 97090, 0),
(25, 'Lewis Bennett', 'TORY', 24, 'FALSE', '0', 9380, 0),
(26, 'Eve Atkinson', 'TORY', 25, 'FALSE', '0', 49520, 0),
(27, 'Imogen Roberts', 'TORY', 26, 'FALSE', '0', 46360, 0),
(28, 'Tanya Hamilton', 'TORY', 27, 'FALSE', '1', 521306, 1),
(29, 'Emma Palmer', 'TORY', 28, 'FALSE', '0', 59616, 0),
(30, 'Hannah Ford', 'TORY', 29, 'FALSE', '0', 60000, 0),
(31, 'Natalie Miller', 'TORY', 30, 'FALSE', '0', 20800, 0),
(32, 'Imogen Robinson', 'TORY', 31, 'FALSE', '0', 23400, 0),
(33, 'Doris Jones', 'TORY', 32, 'FALSE', '0', 10500, 0),
(34, 'Anne Coleman', 'TORY', 33, 'FALSE', '0', 31700, 0),
(35, 'Maud Miller', 'TORY', 34, 'FALSE', '0', 127917, 0),
(36, 'Hannah Coleman', 'TORY', 35, 'FALSE', '0', 68200, 0),
(37, 'Samantha Parker', 'TORY', 36, 'FALSE', '0', 43000, 0),
(38, 'Samantha Sanders', 'TORY', 37, 'FALSE', '0', 143748, 0),
(39, 'Isabel Mitchel', 'TORY', 38, 'FALSE', '0', 59220, 0),
(40, 'Amy Palmer', 'TORY', 39, 'FALSE', '0', 8720, 0),
(41, 'Amy Baker', 'TORY', 40, 'FALSE', '0', 69438, 0),
(42, 'Isabel Roberts', 'TORY', 41, 'FALSE', '0', 10440, 0),
(43, 'Tanya Davies', 'TORY', 42, 'FALSE', '0', 5310, 0),
(44, 'Tanya Parker', 'TORY', 43, 'FALSE', '0', 9150, 0),
(45, 'Natalie Moore', 'TORY', 44, 'FALSE', '0', 24408, 0),
(46, 'Tanya Moore', 'TORY', 45, 'FALSE', '0', 1240, 0),
(47, 'katherine Smith', 'TORY', 46, 'FALSE', '0', 8600, 0),
(48, 'Janet Anderson', 'TORY', 47, 'FALSE', '0', 7450, 0),
(49, 'Tanya Russell', 'TORY', 48, 'FALSE', '1', 42884, 0),
(50, 'Tommie Richardson', 'TORY', 49, 'FALSE', '0', 209168, 0),
(51, 'Cameron Carter', 'TORY', 50, 'FALSE', '1', 80605, 0),
(52, 'Ben Richardson', 'TORY', 51, 'FALSE', '0', 7245, 0),
(53, 'Malcom Hall', 'TORY', 52, 'FALSE', '0', 109980, 0),
(54, 'John Adams', 'TORY', 53, 'FALSE', '1', 165487, 1),
(55, 'Luke Nelson', 'TORY', 54, 'FALSE', '0', 40950, 0),
(56, 'Craig Palmer', 'TORY', 55, 'FALSE', '0', 63635, 0),
(57, 'Ron Griffin', 'TORY', 56, 'FALSE', '0', 121240, 0),
(58, 'Jack Powell', 'TORY', 57, 'FALSE', '1', 249054, 0),
(59, 'Kyle Clarke', 'TORY', 58, 'FALSE', '0', 64295, 0),
(60, 'Henry Hill', 'TORY', 59, 'FALSE', '0', 132263, 0),
(61, 'Owen Hill', 'TORY', 60, 'FALSE', '1', 581250, 0),
(62, 'Malcom Patterson', 'TORY', 61, 'FALSE', '0', 87172, 0),
(63, 'Owen Clarke', 'TORY', 62, 'FALSE', '0', 133420, 0),
(64, 'Owen Mitchel', 'TORY', 63, 'FALSE', '1', 375668, 0),
(65, 'Malcom Harris', 'TORY', 64, 'FALSE', '0', 64050, 0),
(66, 'Tony MacDonald', 'LABR', 1, 'FALSE', '1', 3345186, 2),
(67, 'Adam Williams', 'LABR', 2, 'FALSE', '0', 11880, 0),
(68, 'John Clarke', 'LABR', 3, 'FALSE', '0', 20080, 0),
(69, 'Jack Carter', 'LABR', 4, 'FALSE', '0', 10670, 0),
(70, 'Daniel Cooper', 'LABR', 5, 'FALSE', '0', 4440, 0),
(71, 'Owen Harris', 'LABR', 6, 'FALSE', '0', 21510, 0),
(72, 'Ron Bennett', 'LABR', 7, 'FALSE', '0', 9000, 0),
(73, 'Daniel Carter', 'LABR', 8, 'FALSE', '0', 134720, 0),
(74, 'Craig Morris', 'LABR', 9, 'FALSE', '0', 85540, 0),
(75, 'Ron Johnson', 'LABR', 10, 'FALSE', '0', 19080, 0),
(76, 'Adam Stewart', 'LABR', 11, 'FALSE', '0', 6050, 0),
(77, 'Doris Atkinson', 'LABR', 12, 'FALSE', '0', 16760, 0),
(78, 'Emma Bennett', 'LABR', 13, 'FALSE', '0', 22770, 0),
(79, 'katherine Parker', 'LABR', 14, 'FALSE', '0', 5490, 0),
(80, 'Yvonne Hill', 'LABR', 15, 'FALSE', '0', 2980, 0),
(81, 'Yvonne Jones', 'LABR', 16, 'FALSE', '0', 1050, 0),
(82, 'Isabel Wilson', 'LABR', 17, 'FALSE', '0', 2710, 0),
(83, 'Eve Davidson', 'LABR', 18, 'FALSE', '0', 13400, 0),
(84, 'Janet Davies', 'LABR', 19, 'FALSE', '0', 6220, 0),
(86, 'Claire Cook', 'LABR', 21, 'FALSE', '1', 1102918, 1),
(87, 'Emma Hall', 'LABR', 22, 'FALSE', '0', 14850, 0),
(88, 'Eve Young', 'LABR', 23, 'FALSE', '1', 258126, 0),
(89, 'Imogen Price', 'LABR', 24, 'FALSE', '0', 14070, 0),
(90, 'Debbie Martin', 'LABR', 25, 'FALSE', '1', 1429351, 1),
(91, 'Hillary Cooper', 'LABR', 26, 'FALSE', '0', 23180, 0),
(92, 'Debbie Griffin', 'LABR', 27, 'FALSE', '0', 223311, 0),
(93, 'Isabel Ross', 'LABR', 28, 'FALSE', '1', 140560, 1),
(94, 'Clara Adams', 'LABR', 29, 'FALSE', '0', 150000, 0),
(95, 'katherine Griffin', 'LABR', 30, 'FALSE', '0', 8320, 0),
(96, 'Imogen Moore', 'LABR', 31, 'FALSE', '0', 9360, 0),
(97, 'Emma Wilson', 'LABR', 32, 'FALSE', '0', 54621, 0),
(98, 'Debbie Green', 'LABR', 33, 'FALSE', '0', 19020, 0),
(99, 'Tanya Adams', 'LABR', 34, 'FALSE', '1', 193584, 0),
(100, 'Natalie Adams', 'LABR', 35, 'FALSE', '0', 27280, 0),
(101, 'Mason Watson', 'LABR', 36, 'FALSE', '0', 166914, 0),
(102, 'Evan Carter', 'LABR', 37, 'FALSE', '0', 22230, 0),
(103, 'Alex Gray', 'LABR', 38, 'FALSE', '1', 330253, 1),
(104, 'Jo Ford', 'LABR', 39, 'FALSE', '1', 186276, 0),
(105, 'Anne Coleman', 'LABR', 40, 'FALSE', '0', 5660, 0),
(106, 'Isabel Johnson', 'LABR', 41, 'FALSE', '0', 6960, 0),
(107, 'Samantha Davidson', 'LABR', 42, 'FALSE', '1', 145489, 0),
(108, 'Eve Johnson', 'LABR', 43, 'FALSE', '0', 5490, 0),
(109, 'Samantha Winters', 'LABR', 44, 'FALSE', '0', 1900, 0),
(110, 'Doris Harris', 'LABR', 45, 'FALSE', '0', 3100, 0),
(111, 'katherine Coleman', 'LABR', 46, 'FALSE', '0', 5160, 0),
(112, 'Eve Anderson', 'LABR', 47, 'FALSE', '0', 16172, 0),
(113, 'Claire Young', 'LABR', 48, 'FALSE', '0', 12075, 0),
(114, 'Eve Watson', 'LABR', 49, 'FALSE', '0', 63960, 0),
(115, 'Amy Young', 'LABR', 50, 'FALSE', '0', 14385, 0),
(116, 'Zoe Young', 'LABR', 51, 'FALSE', '0', 53136, 0),
(117, 'Colin Ford', 'LABR', 52, 'FALSE', '0', 59220, 0),
(118, 'Owen Harris', 'LABR', 53, 'FALSE', '0', 33930, 0),
(119, 'Kyle Carter', 'LABR', 54, 'FALSE', '0', 76050, 0),
(120, 'Martin Ford', 'LABR', 55, 'FALSE', '1', 177190, 0),
(121, 'Ron Hughes', 'LABR', 56, 'FALSE', '1', 368084, 0),
(122, 'Luke Henderson', 'LABR', 57, 'FALSE', '0', 22960, 0),
(123, 'Lewis Hughes', 'LABR', 58, 'FALSE', '0', 18410, 0),
(124, 'John Johnson', 'LABR', 59, 'FALSE', '0', 161535, 0),
(125, 'Daniel Roberts', 'LABR', 60, 'FALSE', '0', 81438, 0),
(126, 'Duncan Griffin', 'LABR', 61, 'FALSE', '0', 53513, 0),
(127, 'Lewis Palmer', 'LABR', 62, 'FALSE', '1', 324450, 0),
(128, 'Kyle Baker', 'LABR', 63, 'FALSE', '0', 80716, 0),
(129, 'Jack Carter', 'LABR', 64, 'FALSE', '0', 64128, 0),
(130, 'Luke Nelson', 'LABR', 65, 'FALSE', '0', 72817, 0),
(131, 'Nicholas Kennedy', 'DEMS', 2, 'FALSE', '1', 278208, 2),
(132, 'Daniel Hughes', 'DEMS', 1, 'FALSE', '0', 99090, 0),
(133, 'Kyle Hill', 'DEMS', 3, 'FALSE', '0', 5020, 0),
(134, 'Martin Russell', 'DEMS', 4, 'FALSE', '1', 365505, 0),
(135, 'Craig Adams', 'DEMS', 5, 'FALSE', '0', 2220, 0),
(136, 'John Ross', 'DEMS', 6, 'FALSE', '0', 7170, 0),
(137, 'Neal Hill', 'DEMS', 7, 'FALSE', '0', 13500, 0),
(138, 'Adam Young', 'DEMS', 8, 'FALSE', '1', 172215, 1),
(139, 'Malcom Carter', 'DEMS', 9, 'FALSE', '0', 15800, 0),
(140, 'John Harris', 'DEMS', 10, 'FALSE', '0', 14310, 0),
(141, 'Colin Adams', 'DEMS', 11, 'FALSE', '0', 18150, 0),
(142, 'John Young', 'DEMS', 12, 'FALSE', '0', 12570, 0),
(143, 'Ron Peterson', 'DEMS', 13, 'FALSE', '0', 3060, 0),
(144, 'Kyle Bennett', 'DEMS', 14, 'FALSE', '0', 16470, 0),
(145, 'Colin Hughes', 'DEMS', 15, 'FALSE', '0', 1490, 0),
(146, 'Ron Mitchel', 'DEMS', 16, 'FALSE', '0', 24430, 0),
(147, 'Patrick Nelson', 'DEMS', 17, 'FALSE', '0', 10840, 0),
(148, 'Lewis Winters', 'DEMS', 18, 'FALSE', '0', 46342, 0),
(149, 'Neal Griffin', 'DEMS', 19, 'FALSE', '0', 9330, 0),
(151, 'Luke Coleman', 'DEMS', 21, 'FALSE', '0', 446160, 0),
(152, 'Owen Rogers', 'DEMS', 22, 'FALSE', '1', 229746, 1),
(153, 'Adam Ross', 'DEMS', 23, 'FALSE', '0', 10770, 0),
(154, 'Ron Howard', 'DEMS', 24, 'FALSE', '1', 177767, 0),
(155, 'Duncan Stewart', 'DEMS', 25, 'FALSE', '0', 24760, 0),
(156, 'Imogen Moore', 'DEMS', 26, 'FALSE', '0', 147448, 0),
(157, 'Emma Robinson', 'DEMS', 27, 'FALSE', '0', 43960, 0),
(158, 'Debbie Harris', 'DEMS', 28, 'FALSE', '0', 10160, 0),
(159, 'Isabel Davidson', 'DEMS', 29, 'FALSE', '0', 90000, 0),
(160, 'Imogen Scott', 'DEMS', 30, 'FALSE', '0', 12480, 0),
(161, 'Yvonne Nelson', 'DEMS', 31, 'FALSE', '0', 86970, 0),
(162, 'Lydia Price', 'DEMS', 32, 'FALSE', '0', 15750, 0),
(163, 'Anne Watson', 'DEMS', 33, 'FALSE', '0', 155206, 0),
(164, 'Yvonne Brown', 'DEMS', 34, 'FALSE', '0', 16360, 0),
(165, 'Samantha Anderson', 'DEMS', 35, 'FALSE', '0', 40920, 0),
(166, 'Debbie Green', 'DEMS', 36, 'FALSE', '0', 17200, 0),
(167, 'Janet Watson', 'DEMS', 37, 'FALSE', '1', 235924, 0),
(168, 'Hannah Gibson', 'DEMS', 38, 'FALSE', '0', 11820, 0),
(169, 'Janet Powell', 'DEMS', 39, 'FALSE', '0', 21800, 0),
(170, 'Zoe Clarke', 'DEMS', 40, 'FALSE', '0', 8490, 0),
(171, 'Lydia Bailey', 'DEMS', 41, 'FALSE', '1', 135222, 0),
(172, 'Natalie Davidson', 'DEMS', 42, 'FALSE', '0', 8850, 0),
(173, 'Zoe Griffin', 'DEMS', 43, 'FALSE', '1', 57134, 0),
(174, 'Debbie Barnes', 'DEMS', 44, 'FALSE', '0', 4750, 0),
(175, 'Hannah Coleman', 'DEMS', 45, 'FALSE', '1', 64938, 0),
(176, 'Hannah Martin', 'DEMS', 46, 'FALSE', '0', 3440, 0),
(177, 'Samantha Richardson', 'DEMS', 47, 'FALSE', '1', 48678, 0),
(178, 'Doris Young', 'DEMS', 48, 'FALSE', '0', 1080, 0),
(179, 'Imogen Barnes', 'DEMS', 49, 'FALSE', '1', 684480, 1),
(180, 'Sam Bennett', 'DEMS', 50, 'FALSE', '0', 26715, 0),
(181, 'Tori Smith', 'DEMS', 51, 'FALSE', '1', 247093, 0),
(182, 'Zane Palmer', 'DEMS', 52, 'FALSE', '0', 233682, 0),
(183, 'Tanya Campbell', 'DEMS', 53, 'FALSE', '0', 134424, 0),
(184, 'Jo Baker', 'DEMS', 54, 'FALSE', '1', 234768, 0),
(185, 'Hillary Price', 'DEMS', 55, 'FALSE', '0', 101898, 0),
(186, 'Hannah Davidson', 'DEMS', 56, 'FALSE', '0', 33800, 0),
(187, 'Samantha Jones', 'DEMS', 57, 'FALSE', '0', 86982, 0),
(188, 'Claire Morgan', 'DEMS', 58, 'FALSE', '1', 155040, 0),
(189, 'Lewis Nelson', 'DEMS', 59, 'FALSE', '1', 331250, 1),
(190, 'Adam Richardson', 'DEMS', 60, 'FALSE', '0', 112346, 0),
(191, 'Neal Young', 'DEMS', 61, 'FALSE', '1', 273042, 0),
(192, 'Colin Barnes', 'DEMS', 62, 'FALSE', '0', 57180, 0),
(193, 'Martin Morgan', 'DEMS', 63, 'FALSE', '0', 38004, 0),
(194, 'Daniel Bailey', 'DEMS', 64, 'FALSE', '1', 218106, 0),
(195, 'Luke Morgan', 'DEMS', 65, 'FALSE', '0', 72750, 0),
(196, 'Paz Irene', 'ENVI', 29, 'FALSE', '1', 633325, 2),
(197, 'Kerry Ross', 'ENVI', 1, 'FALSE', '0', 613275, 0),
(198, 'Chris Clarke', 'ENVI', 2, 'FALSE', '0', 23760, 0),
(199, 'Eve Scott', 'ENVI', 3, 'FALSE', '0', 85554, 0),
(200, 'Doris Barnes', 'ENVI', 4, 'FALSE', '0', 147320, 0),
(201, 'katherine Patterson', 'ENVI', 5, 'FALSE', '0', 3330, 0),
(202, 'Emma Williams', 'ENVI', 6, 'FALSE', '0', 112057, 0),
(203, 'Doris Harris', 'ENVI', 7, 'FALSE', '0', 18000, 0),
(204, 'Maud Baker', 'ENVI', 8, 'FALSE', '0', 7580, 0),
(205, 'Anne Harris', 'ENVI', 9, 'FALSE', '0', 23700, 0),
(206, 'katherine Peterson', 'ENVI', 10, 'FALSE', '1', 168838, 0),
(207, 'Maud Hall', 'ENVI', 11, 'FALSE', '0', 12100, 0),
(208, 'Natalie Moore', 'ENVI', 12, 'FALSE', '0', 8380, 0),
(209, 'Yvonne Bennett', 'ENVI', 13, 'FALSE', '0', 1020, 0),
(210, 'Natalie Coleman', 'ENVI', 14, 'FALSE', '0', 134474, 0),
(211, 'Maud Peterson', 'ENVI', 15, 'FALSE', '0', 27625, 0),
(212, 'Debbie Watson', 'ENVI', 16, 'FALSE', '1', 116809, 0),
(213, 'Eve Clarke', 'ENVI', 17, 'FALSE', '0', 57596, 0),
(214, 'Imogen Russell', 'ENVI', 18, 'FALSE', '0', 3350, 0),
(215, 'Isabel Campbell', 'ENVI', 19, 'FALSE', '0', 52983, 0),
(216, 'Tanya Wilson', 'ENVI', 20, 'FALSE', '0', 0, 0),
(217, 'Yvonne Thompson', 'ENVI', 21, 'FALSE', '0', 45980, 0),
(218, 'katherine Richardson', 'ENVI', 22, 'FALSE', '0', 4950, 0),
(219, 'Natalie Russell', 'ENVI', 23, 'FALSE', '0', 3590, 0),
(220, 'Zoe Peterson', 'ENVI', 24, 'FALSE', '0', 18760, 0),
(221, 'Hannah Martin', 'ENVI', 25, 'FALSE', '0', 303170, 0),
(222, 'Isabel Mitchel', 'ENVI', 26, 'FALSE', '1', 559504, 1),
(223, 'Martin Walker', 'ENVI', 27, 'FALSE', '0', 32970, 0),
(224, 'Lewis Anderson', 'ENVI', 28, 'FALSE', '0', 5080, 0),
(225, 'Duncan Adams', 'ENVI', 30, 'FALSE', '0', 48816, 0),
(226, 'Owen Rogers', 'ENVI', 31, 'FALSE', '0', 14040, 0),
(227, 'Ron Cooper', 'ENVI', 32, 'FALSE', '0', 26250, 0),
(228, 'Henry Coleman', 'ENVI', 33, 'FALSE', '1', 256554, 0),
(229, 'Martin Ford', 'ENVI', 34, 'FALSE', '0', 24540, 0),
(230, 'Ben Barnes', 'ENVI', 35, 'FALSE', '0', 253240, 0),
(231, 'Lewis Davidson', 'ENVI', 36, 'FALSE', '1', 430731, 0),
(232, 'Ron Carter', 'ENVI', 37, 'FALSE', '0', 37050, 0),
(233, 'Lewis Palmer', 'ENVI', 38, 'FALSE', '0', 7880, 0),
(234, 'Jack Harris', 'ENVI', 39, 'FALSE', '0', 97014, 0),
(235, 'Luke Green', 'ENVI', 40, 'FALSE', '0', 14150, 0),
(236, 'Patrick Brown', 'ENVI', 41, 'FALSE', '0', 48082, 0),
(237, 'Jack Roberts', 'ENVI', 42, 'FALSE', '0', 3540, 0),
(238, 'Patrick Robinson', 'ENVI', 43, 'FALSE', '0', 3660, 0),
(239, 'Daniel Bennett', 'ENVI', 44, 'FALSE', '0', 2850, 0),
(240, 'David Wilson', 'ENVI', 45, 'FALSE', '0', 11008, 0),
(241, 'Ben Howard', 'ENVI', 46, 'FALSE', '1', 47850, 0),
(242, 'David Bailey', 'ENVI', 47, 'FALSE', '0', 4470, 0),
(243, 'Lewis Martin', 'ENVI', 48, 'FALSE', '0', 1620, 0),
(244, 'Captian Calamity', 'PYRT', 35, 'FALSE', '1', 584460, 2),
(245, 'John Greyhate', 'PYRT', 1, 'FALSE', '0', 66060, 0),
(246, 'John Blackbeard', 'PYRT', 2, 'FALSE', '0', 5940, 0),
(247, 'Sir Bill Long', 'PYRT', 3, 'FALSE', '0', 10040, 0),
(248, 'Bill Bones', 'PYRT', 4, 'FALSE', '0', 32010, 0),
(249, 'Admiral Pete', 'PYRT', 5, 'FALSE', '0', 25830, 0),
(250, 'Bill De', 'PYRT', 6, 'FALSE', '0', 14340, 0),
(251, 'John Longbrand', 'PYRT', 7, 'FALSE', '0', 79872, 0),
(252, 'Johnplank', 'PYRT', 8, 'FALSE', '0', 30320, 0),
(253, 'Sinister Brenda', 'PYRT', 9, 'FALSE', '0', 7900, 0),
(254, 'Jakoba Bluebeard', 'PYRT', 10, 'FALSE', '0', 74603, 0),
(255, 'Cliff Gingerhate', 'PYRT', 11, 'FALSE', '0', 98580, 0),
(256, 'Cliff Bones', 'PYRT', 12, 'FALSE', '0', 55575, 0),
(257, 'First Mate Brenda', 'PYRT', 13, 'FALSE', '0', 2040, 0),
(258, 'Cap\'n Sinister', 'PYRT', 14, 'FALSE', '0', 21960, 0),
(259, 'Admiral Jakoba', 'PYRT', 15, 'FALSE', '0', 5960, 0),
(260, 'Cliffplank', 'PYRT', 16, 'FALSE', '0', 2100, 0),
(261, 'Ruthless Jakoba', 'PYRT', 17, 'FALSE', '0', 8130, 0),
(262, 'Sir Gerald Hairy', 'PYRT', 18, 'FALSE', '0', 6700, 0),
(263, 'Albert Yellowbeard', 'PYRT', 19, 'FALSE', '0', 12440, 0),
(264, 'Hairy Jerry Black', 'PYRT', 20, 'FALSE', '0', 4485, 0),
(265, 'Cutthroat Al The Hairy', 'PYRT', 21, 'FALSE', '0', 22990, 0),
(266, 'Brown Jerry', 'PYRT', 22, 'FALSE', '0', 9900, 0),
(267, 'Dread Pirate Gerald', 'PYRT', 23, 'FALSE', '0', 7180, 0),
(268, 'Al Bones', 'PYRT', 24, 'FALSE', '0', 4690, 0),
(269, 'Admiral Derek', 'PYRT', 25, 'FALSE', '0', 37140, 0),
(270, 'Albert Hairybrand', 'PYRT', 26, 'FALSE', '0', 34770, 0),
(271, 'Yellow Albert The Feared', 'PYRT', 27, 'FALSE', '0', 21980, 0),
(272, 'Ruthless Derek', 'PYRT', 28, 'FALSE', '0', 20320, 0),
(273, 'Andy Purplebeard', 'PYRT', 29, 'FALSE', '0', 414178, 0),
(274, 'Captain Jimi', 'PYRT', 30, 'FALSE', '1', 271125, 0),
(275, 'Peter Bones', 'PYRT', 31, 'FALSE', '1', 361642, 1),
(276, 'Andrew plank', 'PYRT', 32, 'FALSE', '1', 339188, 0),
(277, 'Andrew De Australia', 'PYRT', 33, 'FALSE', '0', 12680, 0),
(278, 'Isabel Jones', 'PYRT', 34, 'FALSE', '0', 40900, 0),
(279, 'John Clarke', 'PYRT', 36, 'FALSE', '0', 25800, 0),
(280, 'Morgan Adams', 'PYRT', 37, 'FALSE', '0', 14820, 0),
(281, 'Tom Ayrton', 'PYRT', 38, 'FALSE', '0', 19700, 0),
(282, 'Captian Bikke', 'PYRT', 39, 'FALSE', '0', 13080, 0),
(283, 'Michael Sawyer', 'PYRT', 40, 'FALSE', '1', 97750, 0),
(284, 'Grace Taylor', 'PYRT', 41, 'FALSE', '0', 17400, 0),
(285, 'James Turner', 'PYRT', 42, 'FALSE', '0', 36113, 0),
(286, 'Alice Palmer', 'PYRT', 43, 'FALSE', '0', 32384, 0),
(287, 'Captain Josee', 'PYRT', 44, 'FALSE', '1', 78960, 0),
(288, 'Dread Pirate Fifi', 'PYRT', 45, 'FALSE', '0', 1860, 0),
(289, 'Hilarious Lewis', 'PYRT', 46, 'FALSE', '0', 30592, 0),
(290, 'Adib plank', 'PYRT', 47, 'FALSE', '0', 2980, 0),
(291, 'Denise Blondebeard', 'PYRT', 48, 'FALSE', '0', 2700, 1),
(292, 'Duke George louis Williams', 'KING', 5, 'FALSE', '1', 57767, 2),
(293, 'Mason Winters', 'KING', 1, 'FALSE', '0', 33030, 0),
(294, 'Christopher  Edwards', 'KING', 2, 'FALSE', '0', 17820, 0),
(295, 'Charity Winters', 'KING', 3, 'FALSE', '0', 15060, 0),
(296, 'Samantha Bailey', 'KING', 4, 'FALSE', '0', 42680, 0),
(297, 'Maud Hall', 'KING', 6, 'FALSE', '0', 28680, 0),
(298, 'Claire Johnson', 'KING', 7, 'FALSE', '0', 4500, 0),
(299, 'Colin Walker', 'KING', 8, 'FALSE', '0', 15160, 0),
(300, 'Lewis Edwards', 'KING', 9, 'FALSE', '0', 31600, 0),
(301, 'Colin Johnson', 'KING', 10, 'FALSE', '0', 9540, 0),
(302, 'Neal Wilson', 'KING', 11, 'FALSE', '1', 130095, 0),
(303, 'Adam Rogers', 'KING', 12, 'FALSE', '0', 4190, 0),
(304, 'Patrick Watson', 'KING', 13, 'FALSE', '0', 4080, 0),
(305, 'Henry Moore', 'KING', 14, 'FALSE', '0', 10980, 0),
(306, 'Duncan Nelson', 'KING', 15, 'FALSE', '0', 4470, 0),
(307, 'Malcom Carter', 'KING', 16, 'FALSE', '0', 4200, 0),
(308, 'Henry Nelson', 'KING', 17, 'FALSE', '1', 69300, 0),
(309, 'Craig Green', 'KING', 18, 'FALSE', '0', 10050, 0),
(310, 'Henry Campbell', 'KING', 19, 'FALSE', '1', 149504, 0),
(311, 'Lewis Martin', 'KING', 20, 'FALSE', '0', 16240, 0),
(312, 'Neal Coleman', 'KING', 21, 'FALSE', '0', 68970, 0),
(313, 'Paul Patterson', 'KING', 22, 'FALSE', '0', 19800, 0),
(314, 'Malcom Anderson', 'KING', 23, 'FALSE', '0', 14360, 0),
(315, 'Daniel Hill', 'KING', 24, 'FALSE', '0', 76632, 0),
(316, 'Duncan Russell', 'KING', 25, 'FALSE', '0', 12380, 0),
(317, 'Henry Orange', 'KING', 26, 'FALSE', '0', 11590, 0),
(318, 'Claire Anderson', 'KING', 27, 'FALSE', '0', 10990, 0),
(319, 'Emma Atkinson', 'KING', 28, 'FALSE', '0', 15240, 0),
(320, 'Isabel Martin', 'KING', 49, 'FALSE', '0', 34440, 0),
(321, 'Tanya Nelson', 'KING', 50, 'FALSE', '0', 42789, 0),
(322, 'Emma Cooper', 'KING', 51, 'FALSE', '0', 13455, 0),
(323, 'Natalie Williams', 'KING', 52, 'FALSE', '1', 436436, 1),
(324, 'Debbie Hamilton', 'KING', 53, 'FALSE', '0', 18270, 0),
(325, 'Clara Clarke', 'KING', 54, 'FALSE', '0', 137376, 0),
(326, 'Lydia Peterson', 'KING', 55, 'FALSE', '0', 34265, 0),
(327, 'katherine Winters', 'KING', 56, 'FALSE', '0', 18200, 0),
(328, 'Imogen Barnes', 'KING', 57, 'FALSE', '0', 42640, 0),
(329, 'Anne Watson', 'KING', 58, 'FALSE', '0', 34190, 0),
(330, 'Lord Nevil Boring', 'HMEC', 0, 'FALSE', '0', 0, 0),
(331, 'Mr Speaker', 'SPKR', 20, 'FALSE', '1', 155208, 0),
(332, 'HM the Queen', 'HMQE', 0, 'FALSE', '0', 0, 0);

-- --------------------------------------------------------

--
-- Table structure for table `constituencies`
--

CREATE TABLE `constituencies` (
  `ID` int(3) NOT NULL,
  `Constituency` varchar(19) DEFAULT NULL,
  `Country` varchar(9) DEFAULT NULL,
  `Incumbent` varchar(26) DEFAULT NULL,
  `Party` varchar(4) DEFAULT NULL,
  `Population` int(7) DEFAULT NULL,
  `Last_win_count` int(7) DEFAULT NULL,
  `Last_2nd_place_count` int(7) DEFAULT NULL,
  `Last_spoiled_count` int(1) DEFAULT NULL,
  `Turnout` int(3) NOT NULL,
  `Bias` varchar(4) NOT NULL,
  `Bias_strength` int(2) NOT NULL
) ENGINE=InnoDB DEFAULT CHARSET=utf8;

--
-- Dumping data for table `constituencies`
--

INSERT INTO `constituencies` (`ID`, `Constituency`, `Country`, `Incumbent`, `Party`, `Population`, `Last_win_count`, `Last_2nd_place_count`, `Last_spoiled_count`, `Turnout`, `Bias`, `Bias_strength`) VALUES
(0, 'Whitehall orgs+ ret', 'The city', 'Undecided', 'HMEC', 500, 0, 0, 0, 0, '', 0),
(1, 'London', 'England', 'Tony MacDonald', 'LABR', 5387934, 3345186, 613275, 21551, 80, 'TORY', 90),
(2, 'Hampshire', 'England', 'Nicholas Kennedy', 'DEMS', 532823, 278208, 97030, 2184, 82, 'DEMS', 90),
(3, 'Kent & Sussex', 'England', 'Daniel Winters', 'TORY', 550234, 302151, 85554, 2200, 80, 'TORY', 85),
(4, 'Essex', 'England', 'Martin Russell', 'DEMS', 750230, 365505, 147320, 3113, 83, 'DEMS', 71),
(5, 'Oxford', 'England', 'Duke George louis Williams', 'KING', 153628, 57767, 25830, 476, 62, 'KING', 90),
(6, 'Gloucester', 'England', 'Patrick Hughes', 'TORY', 523948, 207177, 112057, 1964, 75, 'TORY', 55),
(7, 'Somerset', 'England', 'Owen Powell', 'TORY', 503456, 320904, 79872, 2240, 89, 'TORY', 60),
(8, 'Dorset', 'England', 'Adam Young', 'DEMS', 452672, 172215, 134720, 1923, 85, 'DEMS', 85),
(9, 'Devon', 'England', 'Daniel Young', 'TORY', 413932, 185500, 85540, 1759, 85, 'TORY', 59),
(10, 'Cornwall', 'England', 'katherine Peterson', 'ENVI', 375293, 168838, 74603, 1463, 78, 'ENVI', 69),
(11, 'Suffolk', 'England', 'Neal Wilson', 'KING', 367923, 130095, 98580, 1453, 79, 'TORY', 71),
(12, 'Norfolk', 'England', 'Daniel Campbell', 'TORY', 493256, 250848, 55575, 1750, 71, 'TORY', 78),
(13, 'Cambridge', 'England', 'Sir William Baldwin', 'TORY', 150294, 64086, 22770, 488, 65, 'TORY', 90),
(14, 'Lincoln', 'England', 'Jack Cooper', 'TORY', 450624, 205140, 134474, 1982, 88, 'TORY', 62),
(15, 'Leicester', 'England', 'Duncan Hamilton', 'TORY', 234968, 109368, 27625, 763, 65, 'TORY', 70),
(16, 'Derby', 'England', 'Debbie Watson', 'ENVI', 203485, 116809, 24430, 762, 75, 'TORY', 58),
(17, 'Worcester', 'England', 'Henry Nelson', 'KING', 184375, 69300, 57596, 774, 84, 'DEMS', 66),
(18, 'Shropshire', 'England', 'Daniel Atkinson', 'TORY', 230403, 73680, 46342, 771, 67, 'TORY', 57),
(19, 'Cheshire', 'England', 'Henry Campbell', 'KING', 340328, 149504, 52983, 1174, 69, 'TORY', 85),
(20, 'Lancashire', 'England', 'Mr Speaker', 'SPKR', 213536, 155208, 16240, 896, 84, 'LABR', 99),
(21, 'Yorkshire', 'England', 'Claire Cook', 'LABR', 2234964, 1102918, 446160, 8939, 80, 'LABR', 85),
(22, 'Durham', 'England', 'Owen Rogers', 'DEMS', 567231, 229746, 110124, 1956, 69, 'DEMS', 85),
(23, 'Northumberland', 'England', 'Eve Young', 'LABR', 634123, 258126, 97090, 1965, 62, 'LABR', 78),
(24, 'Cumberland', 'England', 'Ron Howard', 'DEMS', 432745, 177767, 76632, 1514, 70, 'DEMS', 56),
(25, 'Manchester', 'England', 'Debbie Martin', 'LABR', 2487692, 1429351, 303170, 9328, 75, 'LABR', 85),
(26, 'Bristol', 'England', 'Isabel Mitchel', 'ENVI', 1060325, 559504, 147448, 4135, 78, 'ENVI', 85),
(27, 'Newcastle', 'England', 'Tanya Hamilton', 'TORY', 1145286, 521306, 223311, 4294, 75, 'TORY', 85),
(28, 'York', 'England', 'Isabel Ross', 'LABR', 345620, 140560, 59616, 1261, 73, 'LABR', 85),
(29, 'Edinburgh', 'Scotland', 'Paz Irene', 'ENVI', 1758823, 633325, 414178, 6771, 77, 'ENVI', 90),
(30, 'Lothian', 'Scotland', 'Captain Jimi', 'PYRT', 432673, 271125, 48816, 1816, 84, 'TORY', 73),
(31, 'Scottish borders', 'Scotland', 'Peter Bones', 'PYRT', 743281, 361642, 86970, 2489, 67, 'PYRT', 85),
(32, 'Dumfries & Galloway', 'Scotland', 'Andrew plank', 'PYRT', 690243, 339188, 54621, 2243, 65, 'DEMS', 70),
(33, 'Ayrshire', 'Scotland', 'Henry Coleman', 'ENVI', 723645, 256554, 155206, 2387, 66, 'LABR', 60),
(34, 'Lanarkshire', 'Scotland', 'Tanya Adams', 'LABR', 506723, 193584, 127917, 2026, 80, 'LABR', 68),
(35, 'Glasgow', 'Scotland', 'Captian Calamity', 'PYRT', 1138456, 584460, 253240, 4895, 86, 'PYRT', 90),
(36, 'Falkirk', 'Scotland', 'Lewis Davidson', 'ENVI', 892452, 430731, 166914, 3435, 77, 'ENVI', 71),
(37, 'Argyll & Bute', 'Scotland', 'Janet Watson', 'DEMS', 723986, 235924, 143748, 2280, 63, 'LABR', 77),
(38, 'Stirling', 'Scotland', 'Alex Gray', 'LABR', 684321, 330253, 59220, 2155, 63, 'LABR', 85),
(39, 'Perth & Kinross', 'Scotland', 'Jo Ford', 'LABR', 456328, 186276, 97014, 1642, 72, 'DEMS', 63),
(40, 'Fife', 'Scotland', 'Michael Sawyer', 'PYRT', 302450, 97750, 69438, 982, 65, 'PYRT', 73),
(41, 'Angus', 'Scotland', 'Lydia Bailey', 'DEMS', 267432, 135222, 48082, 1096, 82, 'TORY', 59),
(42, 'Aberdeenshire', 'Scotland', 'Samantha Davidson', 'LABR', 247431, 145489, 36113, 1001, 81, 'LABR', 70),
(43, 'Moray', 'Scotland', 'Zoe Griffin', 'DEMS', 180653, 57134, 32384, 541, 60, 'DEMS', 71),
(44, 'Inverness', 'Scotland', 'Captain Josee', 'PYRT', 130451, 78960, 24408, 567, 87, 'PYRT', 64),
(45, 'Highlands', 'Scotland', 'Hannah Coleman', 'DEMS', 97254, 64938, 11008, 413, 85, 'TORY', 56),
(46, 'Hebrides & Skye', 'Scotland', 'Ben Howard', 'ENVI', 152768, 47850, 30592, 481, 63, 'KING', 60),
(47, 'Orkney islands', 'Scotland', 'Samantha Richardson', 'DEMS', 123487, 48678, 16172, 401, 65, 'DEMS', 79),
(48, 'Shetland islands', 'Scotland', 'Tanya Russell', 'TORY', 89342, 42884, 12075, 303, 68, 'PYRT', 85),
(49, 'Cardif', 'Wales', 'Imogen Barnes', 'DEMS', 1278362, 684480, 209168, 4985, 78, 'DEMS', 85),
(50, 'Powys', 'Wales', 'Cameron Carter', 'TORY', 187934, 80605, 42789, 826, 88, 'KING', 55),
(51, 'Carmarthenshire', 'Wales', 'Tori Smith', 'DEMS', 520384, 247093, 53136, 1612, 62, 'DEMS', 74),
(52, 'Ceredigion', 'Wales', 'Natalie Williams', 'KING', 980981, 436436, 233682, 4217, 86, 'KING', 85),
(53, 'Pembrokeshire', 'Wales', 'John Adams', 'TORY', 453827, 165487, 134424, 1769, 78, 'TORY', 85),
(54, 'Gwynedd', 'Wales', 'Jo Baker', 'DEMS', 768283, 234768, 137376, 2458, 64, 'TORY', 53),
(55, 'Conwy', 'Wales', 'Martin Ford', 'LABR', 505346, 177190, 101898, 1894, 75, 'LABR', 50),
(56, 'Anglesey', 'Wales', 'Ron Hughes', 'LABR', 800124, 368084, 121240, 2720, 68, 'TORY', 68),
(57, 'Flintshire', 'Wales', 'Jack Powell', 'TORY', 475021, 249054, 86982, 2018, 85, 'TORY', 76),
(58, 'Wrexham', 'Wales', 'Claire Morgan', 'DEMS', 350500, 155040, 64295, 1366, 78, 'DEMS', 64),
(59, 'Belfast', 'N.Ireland', 'Lewis Nelson', 'DEMS', 951823, 331250, 161535, 3140, 66, 'DEMS', 85),
(60, 'Down', 'N.Ireland', 'Owen Hill', 'TORY', 875234, 581250, 112346, 3894, 89, 'TORY', 67),
(61, 'Armagh', 'N.Ireland', 'Neal Young', 'DEMS', 561957, 273042, 87172, 2079, 74, 'DEMS', 72),
(62, 'Tyrone', 'N.Ireland', 'Lewis Palmer', 'LABR', 750236, 324450, 133420, 2588, 69, 'LABR', 58),
(63, 'Londonderry', 'N.Ireland', 'Owen Mitchel', 'TORY', 690153, 375668, 80716, 2484, 72, 'TORY', 61),
(64, 'Antrim', 'N.Ireland', 'Daniel Bailey', 'DEMS', 511873, 218106, 64050, 1740, 68, 'DEMS', 63),
(65, 'Fermanagh', 'N.Ireland', 'Kyle Wilson', 'TORY', 480325, 270205, 72750, 2089, 87, 'TORY', 79);

-- --------------------------------------------------------

--
-- Table structure for table `login_history`
--

CREATE TABLE `login_history` (
  `Login_num` int(11) NOT NULL,
  `User_ID` int(11) NOT NULL,
  `Date_time` datetime NOT NULL,
  `Note` text NOT NULL
) ENGINE=InnoDB DEFAULT CHARSET=utf8;

--
-- Dumping data for table `login_history`
--

INSERT INTO `login_history` (`Login_num`, `User_ID`, `Date_time`, `Note`) VALUES
(1, 1, '2020-09-16 18:35:31', ''),
(2, 1, '2020-09-18 19:02:43', ''),
(3, 1, '2020-09-18 19:05:02', ''),
(4, 1, '2020-09-18 19:06:33', ''),
(5, 1, '2020-09-18 19:07:11', ''),
(6, 1, '2020-09-18 19:08:37', ''),
(7, 1, '2020-09-21 18:42:06', ''),
(8, 1, '2020-09-21 18:43:51', ''),
(9, 1, '2020-09-22 18:48:36', ''),
(10, 1, '2020-09-24 22:20:16', ''),
(11, 1, '2020-09-24 22:21:10', ''),
(12, 1, '2020-09-24 22:22:40', ''),
(13, 1, '2020-09-24 22:23:44', ''),
(14, 1, '2020-09-24 22:24:03', ''),
(15, 1, '2020-09-24 22:24:35', ''),
(16, 1, '2020-09-24 22:25:24', ''),
(17, 1, '2020-09-24 22:26:22', ''),
(18, 1, '2020-09-24 22:27:58', ''),
(19, 1, '2020-09-24 22:30:27', ''),
(20, 1, '2020-09-24 22:31:07', ''),
(21, 1, '2020-09-24 22:32:12', ''),
(22, 1, '2020-09-24 22:36:24', ''),
(23, 1, '2020-09-24 22:37:27', ''),
(24, 1, '2020-09-24 22:38:04', ''),
(25, 1, '2020-09-24 22:38:29', ''),
(26, 1, '2020-09-26 19:43:59', ''),
(27, 1, '2020-09-29 20:21:52', ''),
(28, 1, '2020-09-29 20:23:53', ''),
(29, 1, '2020-09-29 21:46:48', ''),
(30, 1, '2020-09-29 21:49:43', ''),
(31, 1, '2020-09-29 21:50:18', ''),
(32, 1, '2020-09-29 21:55:42', ''),
(33, 1, '2020-10-01 18:23:24', ''),
(34, 1, '2020-10-13 02:52:58', ''),
(35, 1, '2020-10-24 21:01:23', ''),
(36, 1, '2020-10-24 23:36:41', ''),
(37, 1, '2020-10-24 23:45:58', ''),
(38, 1, '2020-10-25 16:45:10', ''),
(39, 1, '2020-10-25 17:02:02', ''),
(40, 2, '2020-10-25 20:06:41', ''),
(41, 3, '2020-10-25 20:10:26', ''),
(42, 4, '2020-10-25 20:29:12', ''),
(43, 5, '2020-10-25 20:36:11', ''),
(44, 6, '2020-10-25 20:48:07', ''),
(45, 7, '2020-10-25 20:50:18', ''),
(46, 8, '2020-10-25 20:54:02', ''),
(47, 1, '2020-10-26 16:47:37', ''),
(48, 1, '2020-10-26 16:56:09', ''),
(49, 1, '2020-10-26 16:56:32', ''),
(50, 1, '2020-10-26 16:57:01', ''),
(51, 1, '2020-10-26 16:57:22', ''),
(52, 1, '2020-10-26 16:59:51', ''),
(53, 1, '2020-10-26 17:00:19', ''),
(54, 1, '2020-10-26 17:00:40', ''),
(55, 1, '2020-10-26 17:46:09', ''),
(56, 1, '2020-10-26 17:49:39', ''),
(57, 1, '2020-10-26 17:55:16', ''),
(61, 1, '2020-10-26 18:04:05', ''),
(62, 1, '2020-10-26 18:06:10', ''),
(63, 1, '2020-10-26 18:17:34', ''),
(64, 1, '2020-10-26 18:22:46', ''),
(65, 1, '2020-10-27 16:24:48', ''),
(66, 1, '2020-10-28 17:00:45', ''),
(67, 1, '2020-10-30 17:39:07', ''),
(68, 1, '2020-10-31 16:24:07', ''),
(69, 1, '2020-11-01 18:57:05', ''),
(70, 1, '2020-11-01 18:59:26', ''),
(71, 1, '2020-11-01 23:36:25', ''),
(72, 1, '2020-11-06 19:45:08', ''),
(73, 1, '2020-11-11 15:18:22', ''),
(74, 1, '2020-11-11 15:21:27', ''),
(75, 1, '2020-11-11 15:25:22', ''),
(76, 1, '2020-11-11 15:26:45', ''),
(77, 1, '2020-11-11 15:28:58', ''),
(78, 1, '2020-11-16 00:15:00', ''),
(79, 1, '2020-11-16 00:15:28', '');

-- --------------------------------------------------------

--
-- Table structure for table `offical_logins`
--

CREATE TABLE `offical_logins` (
  `User_ID` int(5) NOT NULL,
  `Username` varchar(25) NOT NULL,
  `Password` varchar(30) NOT NULL,
  `Rank` varchar(20) NOT NULL,
  `Status` varchar(8) NOT NULL,
  `Last_login` datetime NOT NULL,
  `Failed_login_count` int(1) NOT NULL COMMENT 'locked if >=3'
) ENGINE=InnoDB DEFAULT CHARSET=utf8;

--
-- Dumping data for table `offical_logins`
--

INSERT INTO `offical_logins` (`User_ID`, `Username`, `Password`, `Rank`, `Status`, `Last_login`, `Failed_login_count`) VALUES
(1, 'Nevil_Boring', '+t8QietOddmd73Lbthzpzw==', 'Commissioner', 'Active', '2020-11-16 00:15:28', 0),
(2, 'Steve_Jones', 'a8fMgUzpEcaWaegQ3T2GMA==', 'Deputy commissioner', 'Active', '2020-10-25 20:06:41', 0),
(3, 'Amy_Parker', '9XfEFMEQE3TPnugWIkTREA==', 'Deputy commissioner', 'Active', '2020-10-25 20:10:26', 0),
(4, 'Adam_Walker', 'nwHRO2hLYakSfdtgGST6dA==', 'Clerk', 'Active', '2020-10-25 20:29:12', 0),
(5, 'Zoey_Gonzalez', 'DKX95Y5zrqsNIgjwZOH3ag==', 'investigator', 'Active', '2020-10-25 20:36:11', 0),
(6, 'Alex_Price', 'Z12jSUGrtPrda1s5Mwzhbw==', 'investigator', 'Active', '2020-10-25 20:48:07', 0),
(7, 'Lewis_Carter', 'vZPa+GaERK2Z9GvnxSctJw==', 'investigator', 'Active', '2020-10-25 20:50:18', 0),
(8, 'Eve_Nelson', 'iC2iE7hP6fPIeqwUk917JQ==', 'investigator', 'Active', '2020-10-25 20:54:02', 0);

-- --------------------------------------------------------

--
-- Table structure for table `parties`
--

CREATE TABLE `parties` (
  `ID` int(1) NOT NULL,
  `Party_name` varchar(45) DEFAULT NULL,
  `Leader` varchar(26) DEFAULT NULL,
  `Party_colour` varchar(9) DEFAULT NULL,
  `No Candidates` int(2) DEFAULT NULL,
  `No_seats` int(2) DEFAULT NULL,
  `Party_ID` varchar(4) DEFAULT NULL,
  `Notes` varchar(27) DEFAULT NULL
) ENGINE=InnoDB DEFAULT CHARSET=utf8;

--
-- Dumping data for table `parties`
--

INSERT INTO `parties` (`ID`, `Party_name`, `Leader`, `Party_colour`, `No Candidates`, `No_seats`, `Party_ID`, `Notes`) VALUES
(1, 'Whig and Unionist Party', 'Sir William Baldwin', 'Blue', 65, 17, 'TORY', ''),
(2, 'The Workers Party', 'Tony MacDonald', 'Red', 65, 12, 'LABR', ''),
(3, 'The Democratic Party', 'Nicholas Kennedy', 'Yellow', 65, 17, 'DEMS', ''),
(4, 'Enviromental alliance for peace', 'Paz Irene', 'Green', 48, 7, 'ENVI', 'Minor (Eng + Scot)'),
(5, 'Pirate Party', 'Captian Calamity', 'Orange', 48, 6, 'PYRT', 'Minor (Eng + Scot)'),
(6, 'The Monarchist and nobility restoration party', 'Duke George louis Williams', 'Purple', 38, 5, 'KING', 'Minor (Eng + Wales)'),
(7, 'HM Electoral Commission', 'Lord Nevil Boring', 'HOC Green', 0, 0, 'HMEC', 'Does not stand, adjudicates'),
(8, 'Speaker', 'Mr Speaker', 'Grey', 1, 0, 'SPKR', 'Automaticaly wins'),
(9, 'Monarchy', 'HM the Queen', 'Gold', 0, 0, 'HMQE', 'Does not vote, in charge'),
(10, 'Retirees', 'none', 'Silver', 0, 0, 'RETS', 'where retired candidates go');

-- --------------------------------------------------------

--
-- Table structure for table `previous_incumbents`
--

CREATE TABLE `previous_incumbents` (
  `Constituency_no` int(3) NOT NULL,
  `Incumbent_name` varchar(26) NOT NULL,
  `Incumbent_party` varchar(4) NOT NULL
) ENGINE=InnoDB DEFAULT CHARSET=utf8;

--
-- Dumping data for table `previous_incumbents`
--

INSERT INTO `previous_incumbents` (`Constituency_no`, `Incumbent_name`, `Incumbent_party`) VALUES
(1, 'Tony MacDonald', 'LABR'),
(2, 'Nicholas Kennedy', 'DEMS'),
(3, 'Daniel Winters', 'TORY'),
(4, 'Martin Russell', 'DEMS'),
(5, 'Duke George louis Williams', 'KING'),
(6, 'Patrick Hughes', 'TORY'),
(7, 'Doris Harris', 'ENVI'),
(8, 'Adam Young', 'DEMS'),
(9, 'Daniel Young', 'TORY'),
(10, 'katherine Peterson', 'ENVI'),
(11, 'Cliff Gingerhate', 'PYRT'),
(12, 'Natalie Moore', 'ENVI'),
(13, 'Sir William Baldwin', 'TORY'),
(14, 'Jack Cooper', 'TORY'),
(15, 'Duncan Hamilton', 'TORY'),
(16, 'Yvonne Jones', 'LABR'),
(17, 'Patrick Nelson', 'DEMS'),
(18, 'Lewis Winters', 'DEMS'),
(19, 'Colin Hall', 'TORY'),
(20, 'Mr Speaker', 'SPKR'),
(21, 'Claire Cook', 'LABR'),
(22, 'Owen Rogers', 'DEMS'),
(23, 'Eve Young', 'LABR'),
(24, 'Imogen Price', 'LABR'),
(25, 'Debbie Martin', 'LABR'),
(26, 'Hillary Cooper', 'LABR'),
(27, 'Debbie Griffin', 'LABR'),
(28, 'Isabel Ross', 'LABR'),
(29, 'Paz Irene', 'ENVI'),
(30, 'Natalie Miller', 'TORY'),
(31, 'Peter Bones', 'PYRT'),
(32, 'Ron Cooper', 'ENVI'),
(33, 'Henry Coleman', 'ENVI'),
(34, 'Tanya Adams', 'LABR'),
(35, 'Captian Calamity', 'PYRT'),
(36, 'Lewis Davidson', 'ENVI'),
(37, 'Evan Carter', 'LABR'),
(38, 'Alex Gray', 'LABR'),
(39, 'Janet Powell', 'DEMS'),
(40, 'Michael Sawyer', 'PYRT'),
(41, 'Isabel Roberts', 'TORY'),
(42, 'James Turner', 'PYRT'),
(43, 'Zoe Griffin', 'DEMS'),
(44, 'Debbie Barnes', 'DEMS'),
(45, 'Hannah Coleman', 'DEMS'),
(46, 'Hilarious Lewis', 'PYRT'),
(47, 'Samantha Richardson', 'DEMS'),
(48, 'Denise Blondebeard', 'PYRT'),
(49, 'Imogen Barnes', 'DEMS'),
(50, 'Tanya Nelson', 'KING'),
(51, 'Tori Smith', 'DEMS'),
(52, 'Natalie Williams', 'KING'),
(53, 'John Adams', 'TORY'),
(54, 'Jo Baker', 'DEMS'),
(55, 'Martin Ford', 'LABR'),
(56, 'Ron Griffin', 'TORY'),
(57, 'Imogen Barnes', 'KING'),
(58, 'Claire Morgan', 'DEMS'),
(59, 'Lewis Nelson', 'DEMS'),
(60, 'Owen Hill', 'TORY'),
(61, 'Neal Young', 'DEMS'),
(62, 'Lewis Palmer', 'LABR'),
(63, 'Owen Mitchel', 'TORY'),
(64, 'Daniel Bailey', 'DEMS'),
(65, 'Kyle Wilson', 'TORY');

-- --------------------------------------------------------

--
-- Table structure for table `results`
--

CREATE TABLE `results` (
  `Constituency_no` int(3) NOT NULL,
  `Constituency name` varchar(19) DEFAULT NULL,
  `Winner` varchar(26) DEFAULT NULL,
  `Winner_party` varchar(4) NOT NULL,
  `TORY_votes` int(10) DEFAULT NULL,
  `LABR_votes` int(10) DEFAULT NULL,
  `DEMS_votes` int(10) DEFAULT NULL,
  `ENVI_votes` int(10) DEFAULT NULL,
  `PYRT_votes` int(10) DEFAULT NULL,
  `KING_votes` int(10) DEFAULT NULL,
  `Speakers seat?` varchar(5) DEFAULT NULL COMMENT 'this should be a bool, find where it is used in election prog so it can be changed',
  `Turnout` varchar(10) DEFAULT NULL
) ENGINE=InnoDB DEFAULT CHARSET=utf8;

--
-- Dumping data for table `results`
--

INSERT INTO `results` (`Constituency_no`, `Constituency name`, `Winner`, `Winner_party`, `TORY_votes`, `LABR_votes`, `DEMS_votes`, `ENVI_votes`, `PYRT_votes`, `KING_votes`, `Speakers seat?`, `Turnout`) VALUES
(1, 'London', 'Tony MacDonald', 'LABR', 132120, 3345186, 99090, 613275, 66060, 33030, 'FALSE', '80'),
(2, 'Hampshire', 'Nicholas Kennedy', 'DEMS', 97030, 11880, 278208, 23760, 5940, 17820, 'FALSE', '82'),
(3, 'Kent & Sussex', 'Daniel Winters', 'TORY', 302151, 20080, 5020, 85554, 10040, 15060, 'FALSE', '80'),
(4, 'Essex', 'Martin Russell', 'DEMS', 21340, 10670, 365505, 147320, 32010, 42680, 'FALSE', '83'),
(5, 'Oxford', 'Duke George louis Williams', 'KING', 1110, 4440, 2220, 3330, 25830, 57767, 'FALSE', '62'),
(6, 'Gloucester', 'Patrick Hughes', 'TORY', 207177, 21510, 7170, 112057, 14340, 28680, 'FALSE', '75'),
(7, 'Somerset', 'Owen Powell', 'TORY', 320904, 9000, 13500, 18000, 79872, 4500, 'FALSE', '89'),
(8, 'Dorset', 'Adam Young', 'DEMS', 22740, 134720, 172215, 7580, 30320, 15160, 'FALSE', '85'),
(9, 'Devon', 'Daniel Young', 'TORY', 185500, 85540, 15800, 23700, 7900, 31600, 'FALSE', '85'),
(10, 'Cornwall', 'katherine Peterson', 'ENVI', 4770, 19080, 14310, 168838, 74603, 9540, 'FALSE', '78'),
(11, 'Suffolk', 'Neal Wilson', 'KING', 24200, 6050, 18150, 12100, 98580, 130095, 'FALSE', '79'),
(12, 'Northolk', 'Daniel Campbell', 'TORY', 250848, 16760, 12570, 8380, 55575, 4190, 'FALSE', '71'),
(13, 'Cambridge', 'Sir William Baldwin', 'TORY', 64086, 22770, 3060, 1020, 2040, 4080, 'FALSE', '65'),
(14, 'Lincoln', 'Jack Cooper', 'TORY', 205140, 5490, 16470, 134474, 21960, 10980, 'FALSE', '88'),
(15, 'Leicester', 'Duncan Hamilton', 'TORY', 109368, 2980, 1490, 27625, 5960, 4470, 'FALSE', '65'),
(16, 'Derby', 'Debbie Watson', 'ENVI', 3150, 1050, 24430, 116809, 2100, 4200, 'FALSE', '75'),
(17, 'Worcester', 'Henry Nelson', 'KING', 5420, 2710, 10840, 57596, 8130, 69300, 'FALSE', '84'),
(18, 'Shropshire', 'Daniel Atkinson', 'TORY', 73680, 13400, 46342, 3350, 6700, 10050, 'FALSE', '67'),
(19, 'Cheshire', 'Henry Campbell', 'KING', 3110, 6220, 9330, 52983, 12440, 149504, 'FALSE', '69'),
(20, 'Lancashire', 'Mr Speaker', 'SPKR', 0, 0, 0, 0, 4485, 16240, 'TRUE', '84'),
(21, 'Yorkshire', 'Claire Cook', 'LABR', 91960, 1102918, 446160, 45980, 22990, 68970, 'FALSE', '80'),
(22, 'Durham', 'Owen Rogers', 'DEMS', 110124, 14850, 229746, 4950, 9900, 19800, 'FALSE', '69'),
(23, 'Northumberland', 'Eve Young', 'LABR', 97090, 258126, 10770, 3590, 7180, 14360, 'FALSE', '62'),
(24, 'Cumberland', 'Ron Howard', 'DEMS', 9380, 14070, 177767, 18760, 4690, 76632, 'FALSE', '70'),
(25, 'Manchester', 'Debbie Martin', 'LABR', 49520, 1429351, 24760, 303170, 37140, 12380, 'FALSE', '75'),
(26, 'Bristol', 'Isabel Mitchel', 'ENVI', 46360, 23180, 147448, 559504, 34770, 11590, 'FALSE', '78'),
(27, 'Newcastle', 'Tanya Hamilton', 'TORY', 521306, 223311, 43960, 32970, 21980, 10990, 'FALSE', '75'),
(28, 'York', 'Isabel Ross', 'LABR', 59616, 140560, 10160, 5080, 20320, 15240, 'FALSE', '73'),
(29, 'Edinburgh', 'Paz Irene', 'ENVI', 60000, 150000, 90000, 633325, 414178, 0, 'FALSE', '77'),
(30, 'Lothian', 'Captain Jimi', 'PYRT', 20800, 8320, 12480, 48816, 271125, 0, 'FALSE', '84'),
(31, 'Scottish borders', 'Peter Bones', 'PYRT', 23400, 9360, 86970, 14040, 361642, 0, 'FALSE', '67'),
(32, 'Dumfries & Galloway', 'Andrew plank', 'PYRT', 10500, 54621, 15750, 26250, 339188, 0, 'FALSE', '65'),
(33, 'Ayrshire', 'Henry Coleman', 'ENVI', 31700, 19020, 155206, 256554, 12680, 0, 'FALSE', '66'),
(34, 'Lanarkshire', 'Tanya Adams', 'LABR', 127917, 193584, 16360, 24540, 40900, 0, 'FALSE', '80'),
(35, 'Glasgow', 'Captian Calamity', 'PYRT', 68200, 27280, 40920, 253240, 584460, 0, 'FALSE', '86'),
(36, 'Falkirk', 'Lewis Davidson', 'ENVI', 43000, 166914, 17200, 430731, 25800, 0, 'FALSE', '77'),
(37, 'Argyll & Bute', 'Janet Watson', 'DEMS', 143748, 22230, 235924, 37050, 14820, 0, 'FALSE', '63'),
(38, 'Stirling', 'Alex Gray', 'LABR', 59220, 330253, 11820, 7880, 19700, 0, 'FALSE', '63'),
(39, 'Perth & Kinross', 'Jo Ford', 'LABR', 8720, 186276, 21800, 97014, 13080, 0, 'FALSE', '72'),
(40, 'Fife', 'Michael Sawyer', 'PYRT', 69438, 5660, 8490, 14150, 97750, 0, 'FALSE', '65'),
(41, 'Angus', 'Lydia Bailey', 'DEMS', 10440, 6960, 135222, 48082, 17400, 0, 'FALSE', '82'),
(42, 'Aberdeenshire', 'Samantha Davidson', 'LABR', 5310, 145489, 8850, 3540, 36113, 0, 'FALSE', '81'),
(43, 'Moray', 'Zoe Griffin', 'DEMS', 9150, 5490, 57134, 3660, 32384, 0, 'FALSE', '60'),
(44, 'Inverness', 'Captain Josee', 'PYRT', 24408, 1900, 4750, 2850, 78960, 0, 'FALSE', '87'),
(45, 'Highlands', 'Hannah Coleman', 'DEMS', 1240, 3100, 64938, 11008, 1860, 0, 'FALSE', '85'),
(46, 'Outer Hebrides', 'Ben Howard', 'ENVI', 8600, 5160, 3440, 47850, 30592, 0, 'FALSE', '63'),
(47, 'Orkney islands', 'Samantha Richardson', 'DEMS', 7450, 16172, 48678, 4470, 2980, 0, 'FALSE', '65'),
(48, 'Shetland islands', 'Tanya Russell', 'TORY', 42884, 12075, 1080, 1620, 2700, 0, 'FALSE', '68'),
(49, 'Cardif', 'Imogen Barnes', 'DEMS', 209168, 63960, 684480, 0, 0, 34440, 'FALSE', '78'),
(50, 'Powys', 'Cameron Carter', 'TORY', 80605, 14385, 26715, 0, 0, 42789, 'FALSE', '88'),
(51, 'Carmarthenshire', 'Tori Smith', 'DEMS', 7245, 53136, 247093, 0, 0, 13455, 'FALSE', '62'),
(52, 'Ceredigion', 'Natalie Williams', 'KING', 109980, 59220, 233682, 0, 0, 436436, 'FALSE', '86'),
(53, 'Pembrokeshire', 'John Adams', 'TORY', 165487, 33930, 134424, 0, 0, 18270, 'FALSE', '78'),
(54, 'Gwynedd', 'Jo Baker', 'DEMS', 40950, 76050, 234768, 0, 0, 137376, 'FALSE', '64'),
(55, 'Conwy', 'Martin Ford', 'LABR', 63635, 177190, 101898, 0, 0, 34265, 'FALSE', '75'),
(56, 'Anglesey', 'Ron Hughes', 'LABR', 121240, 368084, 33800, 0, 0, 18200, 'FALSE', '68'),
(57, 'Flintshire', 'Jack Powell', 'TORY', 249054, 22960, 86982, 0, 0, 42640, 'FALSE', '85'),
(58, 'Wrexham', 'Claire Morgan', 'DEMS', 64295, 18410, 155040, 0, 0, 34190, 'FALSE', '78'),
(59, 'Belfast', 'Lewis Nelson', 'DEMS', 132263, 161535, 331250, 0, 0, 0, 'FALSE', '66'),
(60, 'Down', 'Owen Hill', 'TORY', 581250, 81438, 112346, 0, 0, 0, 'FALSE', '89'),
(61, 'Armagh', 'Neal Young', 'DEMS', 87172, 53513, 273042, 0, 0, 0, 'FALSE', '74'),
(62, 'Tyrone', 'Lewis Palmer', 'LABR', 133420, 324450, 57180, 0, 0, 0, 'FALSE', '69'),
(63, 'Londonderry', 'Owen Mitchel', 'TORY', 375668, 80716, 38004, 0, 0, 0, 'FALSE', '72'),
(64, 'Antrim', 'Daniel Bailey', 'DEMS', 64050, 64128, 218106, 0, 0, 0, 'FALSE', '68'),
(65, 'Femanagh', 'Kyle Wilson', 'TORY', 270205, 72817, 72750, 0, 0, 0, 'FALSE', '87');

-- --------------------------------------------------------

--
-- Table structure for table `voter_codes`
--

CREATE TABLE `voter_codes` (
  `Code_num` int(8) NOT NULL,
  `First_name` varchar(15) NOT NULL,
  `Last_name` varchar(15) NOT NULL,
  `Code` varchar(10) NOT NULL,
  `Status` varchar(6) NOT NULL,
  `Flags` text NOT NULL,
  `Con_num` int(2) NOT NULL
) ENGINE=InnoDB DEFAULT CHARSET=utf8;

--
-- Dumping data for table `voter_codes`
--

INSERT INTO `voter_codes` (`Code_num`, `First_name`, `Last_name`, `Code`, `Status`, `Flags`, `Con_num`) VALUES
(1, 'John', 'Patterson', 'Xvy@O3,6p%', 'active', '', 64),
(2, 'Malcom', 'Moore', 'dG04L2vC8y', 'active', '', 2),
(3, 'Malcom', 'Henderson', 'fMzKOXvoZ?', 'active', '', 15),
(4, 'Zane', 'Ross', 'Gd$RVYLV9P', 'active', '', 28),
(5, 'Lewis', 'Coleman', 'GbZdghwiyt', 'active', '', 40),
(6, 'Amy', 'Harris', 'ln5Im1fu,j', 'active', '', 22),
(7, 'Owen', 'Smith', '0@SE?7N*rt', 'active', '', 6),
(8, 'Tanya', 'Mitchel', 'nxusRToIM7', 'active', '', 18),
(9, 'Natalie', 'Gray', '8Z8H£taMPx', 'active', '', 54),
(10, 'Martin', 'Hamilton', 'HXs%%iUvnP', 'active', '', 2),
(11, 'katherine', 'Hall', 'TWRL92M2@V', 'active', '', 15),
(12, 'Natalie', 'Mitchel', 'dUm6@*85lz', 'active', '', 33),
(13, 'Alex', 'Sanders', 'requk8%A7m', 'active', '', 52),
(14, 'Martin', 'Roberts', '_f%HcVuBf@', 'active', '', 54),
(15, 'Martin', 'Peterson', 'ep%H60$_lI', 'active', '', 36),
(16, 'Isabel', 'Green', '*NYDIq3m,3', 'active', '', 49),
(17, 'Tanya', 'Price', 'C7blehD24N', 'active', '', 7),
(18, 'Imogen', 'Hamilton', 'CjZT4Q%y£F', 'active', '', 20),
(19, 'Zane', 'Morgan', '$vDfT1gjW3', 'active', '', 32),
(20, 'Craig', 'Winters', 'ejs9@sN%Lt', 'active', '', 45),
(21, 'Dan', 'Walker', 'SH,K£yJNnr', 'active', '', 27),
(22, 'Henry', 'Moore', 'oRDOO*TYMS', 'active', '', 39),
(23, 'Craig', 'Miller', '1V4pcs£VH6', 'active', '', 52),
(24, 'Zoe', 'Morgan', 'EyYY£4kge*', 'active', '', 65),
(25, 'Ron', 'Cooper', 'z1hfW£tu?W', 'active', '', 36),
(26, 'Owen', 'Thompson', 'E6fFv2Dmz5', 'active', '', 48),
(27, 'Kerry', 'Palmer', 'Jq9xZfs6£8', 'active', '', 30),
(28, 'John', 'Palmer', 's£rHAF£KXM', 'active', '', 19),
(29, 'Mason', 'Williams', '_20@_gr*rc', 'active', '', 1),
(30, 'Sam', 'Watson', 'nOQL?0eKkK', 'active', '', 14),
(31, 'Paul', 'Mitchel', '2_qUB8ZrjX', 'active', '', 26),
(32, 'Cameron', 'Richardson', 'GuMbX6aE2l', 'active', '', 62),
(33, 'Jo', 'Jones', 'I2?TP4rbMv', 'active', '', 4),
(34, 'Cameron', 'Russell', 'tPMdYKS3RR', 'active', '', 17),
(35, 'Duncan', 'Brown', '6QyaSwIUY7', 'active', '', 40),
(36, 'Dan', 'Gibson', 'JJB%,,Eyns', 'active', '', 24),
(37, 'Ray', 'Miller', 'r1vYI@L%,8', 'active', '', 37),
(38, 'Tori', 'Ross', '1UL2s3OQai', 'active', '', 33),
(39, 'Zoe', 'Scott', '@C6t77J7eq', 'active', '', 15),
(40, 'Natalie', 'Adams', 'uKnLkYq5FR', 'active', '', 28),
(41, 'Lydia', 'Adams', '6JCrt3cX@i', 'active', '', 40),
(42, 'Eve', 'Wilson', 'ncdwEm33id', 'active', '', 64),
(43, 'Tori', 'Wilson', 'bFx1ST87ba', 'active', '', 11),
(44, 'Doris', 'Cook', 'f?@uBO?jKo', 'active', '', 24),
(45, 'Janet', 'Green', '7zExFa$v24', 'active', '', 37),
(46, 'Samantha', 'Martin', 'KoBmcj8Gh5', 'active', '', 18),
(47, 'Ray', 'Henderson', 'VzVy1%iEvj', 'active', '', 31),
(48, 'Imogen', 'Clarke', '%%KLB7MneQ', 'active', '', 54),
(49, 'Anne', 'Atkinson', 'sSF0%lAfmB', 'active', '', 2),
(50, 'Evan', 'Walker', 'F7RyfI9HpE', 'active', '', 27),
(51, 'Vivian', 'Cook', '*iwRHoYqKx', 'active', '', 9),
(52, 'Lydia', 'Patterson', 'QkxP0mH9£p', 'active', '', 11),
(53, 'Evan', 'Watson', ',@BcoI_ap1', 'active', '', 58),
(54, 'John', 'Coleman', 'snU%jR3ZZy', 'active', '', 5),
(55, 'Mason', 'Brown', 'SU2d$Ze_qY', 'active', '', 41),
(56, 'Zane', 'Barnes', 'y@nARDx6$4', 'active', '', 54),
(57, 'Clara', 'Johnson', 'LtTgIrDbYj', 'active', '', 2),
(58, 'Dan', 'Morris', '£y,cwhva24', 'active', '', 48),
(59, 'Colin', 'Cooper', 'OkOY0MfUnS', 'active', '', 61),
(60, 'Tanya', 'Brown', '5eh7XEztL@', 'active', '', 9),
(61, 'Ron', 'Robinson', 'FLfsXiPeA2', 'active', '', 32),
(62, 'Vivian', 'Morris', '%gLMDV$gKq', 'active', '', 45),
(63, 'Vivian', 'Williams', 'g@vclqash2', 'active', '', 57),
(64, 'Zoe', 'Hill', 'b1l%JV8gKs', 'active', '', 5),
(65, 'Jo', 'Davies', 'K?b%4mxscP', 'active', '', 52),
(66, 'Sam', 'Morris', 'd@9UM_QHU9', 'active', '', 64),
(67, 'Craig', 'Winters', 'f473PNdPDc', 'active', '', 23),
(68, 'Tanya', 'Morgan', 'CGK@K342R8', 'active', '', 35),
(69, 'Mason', 'Adams', 'JqUY5hmXg£', 'active', '', 61),
(70, 'Tori', 'Scott', 'c4A8_sHO1k', 'active', '', 26),
(71, 'Sam', 'Morris', '9vmw*£DleU', 'active', '', 62),
(72, 'Cody', 'Mitchel', 'jai5N£0J0@', 'active', '', 23),
(73, 'Tommie', 'Wilson', 'xqXsfXdGGY', 'active', '', 17),
(74, 'Yvonne', 'Howard', '£dW,HESzjH', 'active', '', 19),
(75, 'Neal', 'Richardson', 'e4niwud1Dw', 'active', '', 13),
(76, 'Evan', 'Hamilton', 'gJ,Bk4LQ@w', 'active', '', 37),
(77, 'Imogen', 'Mitchel', 'v8nnHrwISG', 'active', '', 49),
(78, 'Janet', 'Hughes', '1ODwOAm$8j', 'active', '', 62),
(79, 'Henry', 'Price', 'lrMfi0N*,D', 'active', '', 10),
(80, 'Malcom', 'Moore', 'e6gvcDdFd_', 'active', '', 46),
(81, 'Sam', 'Jones', 'uq7VzUFkff', 'active', '', 4),
(82, 'Cameron', 'Barnes', 'cSG2ly?b6N', 'active', '', 17),
(83, 'Clara', 'Cook', 'UDYhu92Ag6', 'active', '', 29),
(84, 'Ray', 'Ross', '1RD@1kHBBs', 'active', '', 11),
(85, 'Ron', 'Rogers', 'WNEWBKIs@c', 'active', '', 24),
(86, 'Hillary', 'Gibson', '4u,_vjr?_n', 'active', '', 36),
(87, 'Cody', 'Williams', 'KDCtuZ69KN', 'active', '', 49),
(88, 'Janet', 'Wilson', 'UB*2PubHOw', 'active', '', 7),
(89, 'Sam', 'Roberts', 'Y1WZ9izpae', 'active', '', 20),
(90, 'Lewis', 'Hughes', '19sREcM0xO', 'active', '', 33),
(91, 'Tommie', 'Coleman', 'l5M_q@Mxbe', 'active', '', 14),
(92, 'Yvonne', 'Roberts', 'U£NU6qL@£9', 'active', '', 27),
(93, 'Anne', 'Sanders', 'A£EALUwd?$', 'active', '', 63),
(94, 'Kerry', 'Davies', 'Nc204F,1qT', 'active', '', 11),
(95, 'Jo', 'Hall', 'TZ7t_x@87T', 'active', '', 24),
(96, 'Imogen', 'Baker', 'Y6kX@lQIAJ', 'active', '', 5),
(97, 'Lydia', 'Wilson', 'R,yth$a4b5', 'active', '', 18),
(98, 'Henry', 'Russell', 'oexqqI£eOA', 'active', '', 54),
(99, 'Craig', 'Powell', '8SHsp£SZDb', 'active', '', 2),
(100, 'David', 'Harris', 'Y8_XaDlb?L', 'active', '', 14),
(101, 'Tommie', 'Cooper', '_Had5h£u2q', 'active', '', 50),
(102, 'Patrick', 'Jones', 'L$fIdncCR2', 'active', '', 21),
(103, 'Kerry', 'Morgan', 'LpSBgw,V*k', 'active', '', 57),
(104, 'Dan', 'Palmer', 'du16rkgT£s', 'active', '', 18),
(105, 'Tanya', 'Campbell', 'hrYmp£m_3L', 'active', '', 12),
(106, 'Duncan', 'Carter', '7S2QQoh7jQ', 'active', '', 48),
(107, 'Tommie', 'Williams', '?SOT?Wn5pP', 'active', '', 8),
(108, 'Claire', 'Martin', ',yGHHZEhKv', 'active', '', 44),
(109, 'Luke', 'Price', 'Ppk?9NYe*1', 'active', '', 15),
(110, 'Kerry', 'Brown', 'LLMsc4,UqQ', 'active', '', 41),
(111, 'Daniel', 'Davidson', 'sOcu6wJ5g,', 'active', '', 35),
(112, 'Hannah', 'Edwards', 'r£Zc?0,$o$', 'active', '', 48),
(113, 'Luke', 'Watson', '_kN96t505j', 'active', '', 42),
(114, 'Chris', 'Ross', '$,sEM0bUng', 'active', '', 31),
(115, 'Mason', 'Jones', '8BpeVG£n08', 'active', '', 13),
(116, 'katherine', 'Cooper', 'bUXUQX1c6@', 'active', '', 26),
(117, 'Henry', 'Gray', 'c16QeSvLT$', 'active', '', 38),
(118, 'Evan', 'Green', '3ROB89@nzp', 'active', '', 45),
(119, 'Mason', 'Hill', 'fURbBD4GD8', 'active', '', 58),
(120, 'Paul', 'Jones', ',uWq£M333H', 'active', '', 53),
(121, 'Tommie', 'Hamilton', 'jIbLl90OM8', 'active', '', 65),
(122, 'Claire', 'Gray', 'F_OXs@$eBM', 'active', '', 13),
(123, 'Tanya', 'Green', 'r?$Kn5fc4U', 'active', '', 26),
(124, 'Mason', 'Hamilton', 'prNuU%7Bh7', 'active', '', 7),
(125, 'Alex', 'Gibson', 'wc5F*KCXs2', 'active', '', 9),
(126, 'Doris', 'Thompson', '7Lwkjj?*RJ', 'active', '', 56),
(127, 'Samantha', 'Stewart', '5JSk7ogVid', 'active', '', 27),
(128, 'Paul', 'Green', '%x7?W£s95T', 'active', '', 40),
(129, 'Colin', 'Watson', 'DG4C0gyco£', 'active', '', 52),
(130, 'Natalie', 'Russell', 'G_7yIPvspI', 'active', '', 65),
(131, 'Janet', 'Patterson', '6@1aYDojI7', 'active', '', 47),
(132, 'Ben', 'Carter', '98WN41Y$uv', 'active', '', 59),
(133, 'Debbie', 'Atkinson', '7Ify,?QDIy', 'active', '', 7),
(134, 'Imogen', 'Coleman', '9£T?6fS?qU', 'active', '', 20),
(135, 'David', 'Jones', 'e_$lLy$MgE', 'active', '', 43),
(136, 'Duncan', 'Scott', '3WgZjm82£?', 'active', '', 56),
(137, 'Hillary', 'Peterson', '_wnqVKXT$T', 'active', '', 27),
(138, 'Dan', 'Patterson', 'uvx2wPM?J_', 'active', '', 39),
(139, 'Samantha', 'Robinson', 'qaSl,TXV2F', 'active', '', 23),
(140, 'John', 'Parker', '13OAc426£n', 'active', '', 2),
(141, 'Martin', 'Russell', '0I£vzxZk3X', 'active', '', 51),
(142, 'Colin', 'Walker', 'YHX£OWDDxs', 'active', '', 47),
(143, 'Ashley', 'Cooper', '4_oyUNMx3p', 'active', '', 18),
(144, 'Zoe', 'Johnson', 'l,G,ENSpDT', 'active', '', 31),
(145, 'Ashley', 'Anderson', 'q%gczJm5$%', 'active', '', 13),
(146, 'Dan', 'Peterson', 'ud851%T8KE', 'active', '', 2),
(147, 'Henry', 'Scott', 'AyMYlGyx6R', 'active', '', 49),
(148, 'Ashley', 'Harris', 't%RsdK$C3P', 'active', '', 61),
(149, 'Alex', 'Robinson', 'Mn,ExjLMiW', 'active', '', 9),
(150, 'Evan', 'Miller', 'xOMWtreCIZ', 'active', '', 22),
(151, 'Tanya', 'Hill', 'u5ihG?PR$k', 'active', '', 3),
(152, 'Mason', 'Howard', 'hNllfapuwm', 'active', '', 16),
(153, 'Amy', 'Cooper', '7eXdvsmUWp', 'active', '', 29),
(154, 'Hillary', 'Russell', 'Tva3Dy*Xjy', 'active', '', 41),
(155, 'Tori', 'Scott', 'Omr?ssAl7L', 'active', '', 12),
(156, 'Patrick', 'Nelson', 'gOIt8FkYo%', 'active', '', 48),
(157, 'Tanya', 'Williams', '9JGyN6E9B@', 'active', '', 19),
(158, 'Patrick', 'Scott', 'u8ewHgDPso', 'active', '', 3),
(159, 'Claire', 'Wilson', 'Tw_9s?eJQZ', 'active', '', 27),
(160, 'Vivian', 'Gibson', '5txCPf2CuK', 'active', '', 39),
(161, 'Amy', 'Richardson', 'mxZr418YLs', 'active', '', 52),
(162, 'Lydia', 'Johnson', 'FTuCH9nKJt', 'active', '', 65),
(163, 'Kerry', 'Hill', 'j5v8JkG?SP', 'active', '', 46),
(164, 'Neal', 'Bailey', 'kJhRbRA@7H', 'active', '', 59),
(165, 'Clara', 'Nelson', 'uNIBd7C_sc', 'active', '', 17),
(166, 'Tanya', 'Edwards', '22SVeAcmyC', 'active', '', 30),
(167, 'Daniel', 'Peterson', 'Im8JWdPGY$', 'active', '', 43),
(168, 'Malcom', 'Mitchel', 'u?7£GCE2yi', 'active', '', 55),
(169, 'Janet', 'Coleman', 'OOY*lfJSX0', 'active', '', 37),
(170, 'Jo', 'Watson', '95aC95D0qf', 'active', '', 46),
(171, 'Vivian', 'Roberts', 'bvYtet@twb', 'active', '', 53),
(172, 'Natalie', 'Nelson', 'rG$5Fat3cj', 'active', '', 1),
(173, 'Kerry', 'Gray', 'Rhm8Il7qex', 'active', '', 13),
(174, 'Natalie', 'Jones', 'nH$m4tIRn?', 'active', '', 60),
(175, 'Owen', 'Hall', 'MmA,m5859£', 'active', '', 8),
(176, 'Samantha', 'Powell', 'E59ns,ZtVK', 'active', '', 20),
(177, 'Ashley', 'Clarke', 'ilWEjNNk6u', 'active', '', 33),
(178, 'Adam', 'Price', '6fYMPUydMn', 'active', '', 15),
(179, 'Yvonne', 'Roberts', '8$pZAai7ww', 'active', '', 27),
(180, 'Claire', 'Watson', '1jqikThg9U', 'active', '', 40),
(181, 'Mason', 'Rogers', 'M9J3,EE4oT', 'active', '', 53),
(182, 'Mason', 'Atkinson', 'N?MjQrR@3p', 'active', '', 34),
(183, 'Vivian', 'Griffin', '6£G@hUQGvH', 'active', '', 47),
(184, 'Eve', 'Bailey', 'cywmxwB0gk', 'active', '', 60),
(185, 'Chris', 'Powell', 'mz*ttXX*iL', 'active', '', 8),
(186, 'Debbie', 'Thompson', 'iVm1yYq2o3', 'active', '', 44),
(187, 'Amy', 'Green', '8dKzQoHcI1', 'active', '', 25),
(188, 'Martin', 'Ross', '?d2%K9_JnN', 'active', '', 38),
(189, 'Martin', 'Williams', 'BiJ?_sd1zT', 'active', '', 51),
(190, 'Cody', 'Roberts', 'HFJ849za£m', 'active', '', 63),
(191, 'katherine', 'Hill', 'ltrvx6K_K9', 'active', '', 45),
(192, 'Sam', 'Edwards', '1@_GsjlOZz', 'active', '', 58),
(193, 'Ben', 'Hughes', 'MxTI*KKnhR', 'active', '', 5),
(194, 'David', 'Watson', 'Vf@_gsW@h0', 'active', '', 41),
(195, 'Adam', 'Morgan', 'Xibt%rGdRw', 'active', '', 12),
(196, 'Zane', 'Davies', 'O@qupUCUwg', 'active', '', 48),
(197, 'Owen', 'Sanders', 'PYtE?QybUC', 'active', '', 9),
(198, 'Tommie', 'Carter', '£52dQX%BCW', 'active', '', 21),
(199, 'Cameron', 'Griffin', 'rPiBcuxKAP', 'active', '', 57),
(200, 'Doris', 'Green', '1LC$5e71$g', 'active', '', 52),
(201, 'Cody', 'Martin', 'ZbOncBSV9H', 'active', '', 64),
(202, 'Ray', 'Hall', 'Z7m0NIY15q', 'active', '', 12),
(203, 'Dan', 'Price', 'MxRxIOsN3w', 'active', '', 59),
(204, 'Kyle', 'Hall', 'q2C£dJH*n@', 'active', '', 6),
(205, 'Craig', 'Young', 'R3*3SPCJX4', 'active', '', 19),
(206, 'Kerry', 'Coleman', 'lbU5lqea15', 'active', '', 32),
(207, 'Zane', 'Mitchel', 'xa58xCUr_X', 'active', '', 55),
(208, 'Martin', 'Scott', 'nSe1,8Pe7G', 'active', '', 3),
(209, 'Henry', 'Bennett', ',610?fZF2B', 'active', '', 62),
(210, 'Zane', 'Hughes', '9yQomd6Hct', 'active', '', 22),
(211, 'Mason', 'Stewart', 'zViX2wQ8Dy', 'active', '', 35),
(212, 'David', 'Hill', 'Li_TqZdZ,0', 'active', '', 17),
(213, 'Isabel', 'Campbell', 'ftp_m518Od', 'active', '', 53),
(214, 'Chris', 'Atkinson', 'ZGG_a£Ivzx', 'active', '', 13),
(215, 'Luke', 'Carter', 'e_F15TE,q6', 'active', '', 26),
(216, 'Adam', 'Hamilton', '2m0?f7qg@5', 'active', '', 8),
(217, 'Dan', 'Moore', '4IiO_CNj15', 'active', '', 20),
(218, 'Evan', 'Davies', 'K,lIjxxX75', 'active', '', 33),
(219, 'Kerry', 'Martin', 'm@_e9xzfz_', 'active', '', 56),
(220, 'Dan', 'Gray', 'O$baP7H7Us', 'active', '', 4),
(221, 'Duncan', 'Williams', '%MA_mowLzN', 'active', '', 17),
(222, 'Jo', 'Price', 'D?AvbwjGH4', 'active', '', 29),
(223, 'Hannah', 'Rogers', '4ST0PaNn2L', 'active', '', 11),
(224, 'Kerry', 'Davidson', 'InWynWLT%K', 'active', '', 2),
(225, 'Zane', 'Winters', 'HpNvrN75RB', 'active', '', 4),
(226, 'Cody', 'Davidson', 'mHQku?£rL*', 'active', '', 63),
(227, 'Claire', 'Henderson', ',T%AiWY817', 'active', '', 34),
(228, 'Neal', 'Hamilton', 'X*wZJ*ypJd', 'active', '', 59),
(229, 'Doris', 'Henderson', ',G@_u%caOL', 'active', '', 54),
(230, 'Tommie', 'Ford', 'ej8TksdYi?', 'active', '', 50),
(231, 'Hillary', 'Coleman', 'W%bwQ£QQXr', 'active', '', 44),
(232, 'Tori', 'Walker', 'De2irTIpZo', 'active', '', 57),
(233, 'Evan', 'Williams', 'RO9XJdkagi', 'active', '', 28),
(234, 'Amy', 'Price', 'I8Lo£@y?N@', 'active', '', 41),
(235, 'Ron', 'Moore', 'kke?Nu6Wjc', 'active', '', 12),
(236, 'katherine', 'Green', '5um6_3Nwkk', 'active', '', 25),
(237, 'Cameron', 'Harris', 'PA_dOdX*$@', 'active', '', 37),
(238, 'Chris', 'Atkinson', 'M*h953puCe', 'active', '', 19),
(239, 'Ashley', 'Gray', 'cu1@a9v0D_', 'active', '', 32),
(240, 'Luke', 'Powell', 'okKBuqyBPS', 'active', '', 55),
(241, 'Yvonne', 'Young', 'i4cm6mVLbC', 'active', '', 3),
(242, 'Amy', 'Robinson', '4Vci@p4jpe', 'active', '', 15),
(243, 'Eve', 'Johnson', 'B£9uAmyv0Y', 'active', '', 28),
(244, 'Janet', 'Rogers', 'NrImGhIuUA', 'active', '', 64),
(245, 'Martin', 'Anderson', '@pD$02mMI%', 'active', '', 35),
(246, 'Amy', 'Howard', 'zDMd_MQ99m', 'active', '', 48),
(247, 'Jo', 'Jones', 'A07PzaMQmj', 'active', '', 6),
(248, 'Maud', 'Morris', '%oTfw76FQe', 'active', '', 19),
(249, 'Patrick', 'Morgan', 'VYs7ceY%£U', 'active', '', 31),
(250, 'Evan', 'Scott', 'kctm4?D5RC', 'active', '', 13),
(251, 'Lydia', 'Barnes', 'bDYSvZ,TnW', 'active', '', 26),
(252, 'Lewis', 'Palmer', 'LHEc1EmRw4', 'active', '', 38),
(253, 'Colin', 'Jones', 'InidwCdncu', 'active', '', 51),
(254, 'Sam', 'Campbell', 'x%R?nU7xt_', 'active', '', 33),
(255, 'Cameron', 'Martin', 'jrfNjDpKrS', 'active', '', 22),
(256, 'Henry', 'Davidson', '%J$IwB$$rr', 'active', '', 4),
(257, 'Duncan', 'Carter', '9fuyrqwm3T', 'active', '', 16),
(258, 'katherine', 'Palmer', '7$VfjgVMZW', 'active', '', 29),
(259, 'Yvonne', 'Miller', 'yVr£afx£dj', 'active', '', 42),
(260, 'Craig', 'Bennett', '4Vx9XTvlda', 'active', '', 23),
(261, 'Kerry', 'Ross', '$BCHqXMH£9', 'active', '', 7),
(262, 'Hannah', 'Young', 'c@s4R5mGKa', 'active', '', 43),
(263, 'Hillary', 'Thompson', 'Jy6vUlP£lU', 'active', '', 45),
(264, 'Mason', 'Davidson', 'Ao%Bv2,dRv', 'active', '', 16),
(265, 'Lewis', 'Powell', 'I@9rBoqroy', 'active', '', 23),
(266, 'Cameron', 'Powell', 'RT$Yn%aY%?', 'active', '', 18),
(267, 'Yvonne', 'Edwards', '*2*ZcELDBQ', 'active', '', 30),
(268, 'Patrick', 'Bennett', 'knJwXS_GJn', 'active', '', 14),
(269, 'Duncan', 'Gibson', ',G0NbViXsW', 'active', '', 50),
(270, 'Luke', 'Bennett', 'E$jpcB_*SV', 'active', '', 21),
(271, 'Owen', 'Richardson', '$mfuoT@*Fe', 'active', '', 34),
(272, 'Hannah', 'Carter', 'CT3Zyx@Cnc', 'active', '', 46),
(273, 'Zane', 'Palmer', 'G*moTkh$%*', 'active', '', 17),
(274, 'Tanya', 'Hughes', 'Ax0,W_2v@k', 'active', '', 30),
(275, 'Evan', 'Edwards', '£GDOkGYend', 'active', '', 1),
(276, 'Daniel', 'Cook', 'bOVIYJ£OUK', 'active', '', 14),
(277, 'Debbie', 'Ross', 'AbWHTLvxs9', 'active', '', 60),
(278, 'Eve', 'Ford', 'lhDxtHFD%L', 'active', '', 31),
(279, 'Lewis', 'Edwards', 'XaQf*19_fX', 'active', '', 44),
(280, 'John', 'Hall', 'ff*Rp74e8S', 'active', '', 15),
(281, 'Clara', 'Morgan', 'CHIGxys8Vv', 'active', '', 28),
(282, 'Clara', 'Hughes', '_MXgsyRaCA', 'active', '', 64),
(283, 'John', 'Martin', 'a%qzpGGCXZ', 'active', '', 11),
(284, 'Henry', 'Martin', 'ZvSsRzEJBP', 'active', '', 24),
(285, 'John', 'Barnes', 'TN0@ha4Yxx', 'active', '', 60),
(286, 'David', 'Roberts', ',DagUBHQ75', 'active', '', 8),
(287, 'Patrick', 'Rogers', 'sEV6nb?MU$', 'active', '', 54),
(288, 'Hillary', 'Watson', 'vcJB,ATL1b', 'active', '', 2),
(289, 'Patrick', 'Carter', 'LSSwskNyQY', 'active', '', 15),
(290, 'Paul', 'Hughes', 'r92lKXrbqF', 'active', '', 27),
(291, 'Jo', 'Parker', 'O8eZDmbsxm', 'active', '', 64),
(292, 'Daniel', 'Griffin', 'bj3DlFKWtu', 'active', '', 35),
(293, 'Patrick', 'Gibson', 'To£4nL1T4p', 'active', '', 47),
(294, 'Lydia', 'Henderson', 'ZX£$w7LaWh', 'active', '', 42),
(295, 'Tanya', 'Young', '9sI5nTJn0V', 'active', '', 13),
(296, 'Dan', 'Winters', 'rgYE%jMYOV', 'active', '', 49),
(297, 'Ron', 'Anderson', 'TCy?guRSli', 'active', '', 9),
(298, 'Daniel', 'Coleman', '8ph8bAaxqE', 'active', '', 3),
(299, 'Evan', 'Richardson', '6@CT4Mfp@h', 'active', '', 39),
(300, 'Chris', 'Russell', 'ejof?NF£I7', 'active', '', 52),
(301, 'Henry', 'Peterson', '3zID?nO$WR', 'active', '', 23),
(302, 'Craig', 'Nelson', '5%U9hrfu5Y', 'active', '', 36),
(303, 'Hillary', 'Campbell', '4JuV9UDItN', 'active', '', 7),
(304, 'Colin', 'Hamilton', 'KNVq0@NusL', 'active', '', 43),
(305, 'Amy', 'Davies', '9kA?9A1yQe', 'active', '', 55),
(306, 'Debbie', 'Johnson', '3Udloqe,E0', 'active', '', 26),
(307, 'Duncan', 'Cook', 'j6wm,oMku2', 'active', '', 39),
(308, 'Ben', 'Hughes', 'ecS%IppiE£', 'active', '', 23),
(309, 'Lewis', 'Barnes', 'Xe1%SePb1*', 'active', '', 59),
(310, 'Malcom', 'Roberts', '1whi2*Yamc', 'active', '', 30),
(311, 'Evan', 'Palmer', 'razDDff9zH', 'active', '', 1),
(312, 'John', 'Johnson', 'dEmKgQxBV£', 'active', '', 37),
(313, 'Samantha', 'Hamilton', 'vq6LcorcUP', 'active', '', 62),
(314, 'Kerry', 'Williams', '_9FcNyPRZt', 'active', '', 10),
(315, 'Malcom', 'Morris', '4wo4izhfSW', 'active', '', 56),
(316, 'Tommie', 'Coleman', 'CjFrXBWOTW', 'active', '', 46),
(317, 'Evan', 'Nelson', 'JOO4_ImhR%', 'active', '', 28),
(318, 'Luke', 'Hill', 'tOumKCziUG', 'active', '', 40),
(319, 'Eve', 'Stewart', 'uKoI7sJ*O0', 'active', '', 53),
(320, 'Janet', 'Clarke', '287SoRYqrh', 'active', '', 1),
(321, 'Cameron', 'Hill', '02eWhCT9xA', 'active', '', 47),
(322, 'Amy', 'Harris', 'DOLDy%WTkY', 'active', '', 37),
(323, 'Tori', 'Edwards', '2SodCSbvZq', 'active', '', 31),
(324, 'Lydia', 'Rogers', 'VCze,FJRnj', 'active', '', 44),
(325, 'David', 'Winters', 'AS1qB3VNjb', 'active', '', 15),
(326, 'Anne', 'Thompson', 'ihjM7UMfgu', 'active', '', 40),
(327, 'Ray', 'Powell', 'dzIoIJ0Ssr', 'active', '', 11),
(328, 'Imogen', 'Parker', '4dDLAeTa7C', 'active', '', 47),
(329, 'Paul', 'Hall', 'P,M38?kJ05', 'active', '', 60),
(330, 'Hannah', 'Robinson', 'J$nXYocT0I', 'active', '', 31),
(331, 'Owen', 'Roberts', 'zu£DV@M@%1', 'active', '', 25),
(332, 'Mason', 'Powell', '_8ddG7Qj2Z', 'active', '', 38),
(333, 'Tori', 'Palmer', '37YzxnaPGX', 'active', '', 50),
(334, 'Dan', 'Anderson', 'fq1P9ibhrB', 'active', '', 63),
(335, 'Lewis', 'Bailey', 'cKH_2f_iEp', 'active', '', 45),
(336, 'Ray', 'Hall', '£WbyJtq,29', 'active', '', 57),
(337, 'Malcom', 'Howard', 'MGFl*icvlx', 'active', '', 5),
(338, 'Paul', 'Thompson', 'LY99btm4qm', 'active', '', 18),
(339, 'Hannah', 'Ford', '5fdHlZsb1y', 'active', '', 64),
(340, 'Tanya', 'Johnson', '@AQP9$MnF0', 'active', '', 54),
(341, 'Kyle', 'Clarke', '69*639scL?', 'active', '', 35),
(342, 'Jo', 'Peterson', 'q13uA,gPtK', 'active', '', 61),
(343, 'Paul', 'Watson', 'lpMXNDPL2Q', 'active', '', 9),
(344, 'Cody', 'Smith', 'bkrwC8oxLu', 'active', '', 55),
(345, 'Samantha', 'Davies', '9UQnXr?Pxd', 'active', '', 45),
(346, 'Yvonne', 'Bennett', 'MT8VJxzF__', 'active', '', 16),
(347, 'Chris', 'Thompson', 'nuy8%%CWe*', 'active', '', 32),
(348, 'Tori', 'Parker', 'W?mMh$9uT2', 'active', '', 13),
(349, 'Samantha', 'Brown', '5*sDXrqQeK', 'active', '', 26),
(350, 'Doris', 'Scott', '3s3IYCFQ81', 'active', '', 39),
(351, 'Imogen', 'Baker', 'F5V2£9Hs6G', 'active', '', 62),
(352, 'Cameron', 'Miller', 'M,kSvTX,7q', 'active', '', 10),
(353, 'Ray', 'Rogers', 'ts$_CXvbJT', 'active', '', 22),
(354, 'Maud', 'Barnes', 'ZpY_KXjTYH', 'active', '', 4),
(355, 'Imogen', 'Bailey', 'H2Yho_rypz', 'active', '', 58),
(356, 'Kyle', 'Morris', 'OnecnoiB$H', 'active', '', 29),
(357, 'Kyle', 'Morris', 'bbQ3Jvq6q£', 'active', '', 65),
(358, 'Tori', 'Hill', '@23KY94Fi*', 'active', '', 36),
(359, 'Natalie', 'Price', '1GCOTQEI%q', 'active', '', 49),
(360, 'Daniel', 'Robinson', 'etG8v$8GpN', 'active', '', 62),
(361, 'Kerry', 'Bennett', 'Gg,$faFp$H', 'active', '', 43),
(362, 'Ray', 'Palmer', '2,_fmUXj5k', 'active', '', 56),
(363, 'Amy', 'Carter', 'WxVl$57bj7', 'active', '', 4),
(364, 'Clara', 'Martin', 'Fp8kJN,o9A', 'active', '', 27),
(365, 'Maud', 'Price', 'v1Hl_,s5mr', 'active', '', 40),
(366, 'Emma', 'Jones', '5cfs8uecoH', 'active', '', 11),
(367, 'Zoe', 'Miller', 'uK3xVlb1jf', 'active', '', 30),
(368, 'Daniel', 'Anderson', 'LQM3?h2*r*', 'active', '', 43),
(369, 'Patrick', 'Hill', 'zf7gR,Z5MG', 'active', '', 1),
(370, 'Natalie', 'Patterson', 'pNxw?Mu?Hw', 'active', '', 14),
(371, 'Alex', 'Gibson', 'CZDcPugTU_', 'active', '', 27),
(372, 'Yvonne', 'Wilson', '3gf,jKDBZM', 'active', '', 40),
(373, 'Ray', 'Stewart', '4*dPRjvh4@', 'active', '', 21),
(374, 'Ray', 'Coleman', 'PQI2R3sJsn', 'active', '', 34),
(375, 'Ashley', 'Coleman', 'LpiKn?hRYk', 'active', '', 57),
(376, 'Jo', 'Watson', 'RQo,hoxs*V', 'active', '', 5),
(377, 'Tommie', 'Ross', 'mKvlPlgE6f', 'active', '', 41),
(378, 'Doris', 'Barnes', '%BhZF£xFJA', 'active', '', 54),
(379, 'Lydia', 'Henderson', 'Lv%Q2posS5', 'active', '', 1),
(380, 'Ben', 'Cooper', 'E,GvKopvtT', 'active', '', 14),
(381, 'Maud', 'Peterson', 'aixBjXZJ8T', 'active', '', 61),
(382, 'Dan', 'Smith', 'RCBkgKmmwz', 'active', '', 8),
(383, 'Chris', 'Gray', 'qeS19SMnog', 'active', '', 44),
(384, 'Cameron', 'Price', 'GVRfn_E,5L', 'active', '', 57),
(385, 'Ashley', 'Edwards', '7ZcMRymsGV', 'active', '', 15),
(386, 'Debbie', 'Clarke', 'Yc8C6G$Sez', 'active', '', 51),
(387, 'Kyle', 'Gray', 'bS£T1arUuU', 'active', '', 64),
(388, 'Tanya', 'Cook', 'Eed@@$,$gB', 'active', '', 35),
(389, 'Samantha', 'Hill', 'mq*3AH5Fx2', 'active', '', 6),
(390, 'Ashley', 'Hamilton', 'YX7DqxckcW', 'active', '', 8),
(391, 'Tori', 'Ford', '9rs*q2£mWb', 'active', '', 55),
(392, 'Isabel', 'Gibson', 'BePqKKmDdj', 'active', '', 44),
(393, 'Henry', 'Clarke', 'kYej2ozkio', 'active', '', 26),
(394, 'Natalie', 'Clarke', ',%rcVGM_T?', 'active', '', 38),
(395, 'Malcom', 'Nelson', 'e£U6hV2%rc', 'active', '', 45),
(396, 'Adam', 'Gray', 'K9j3Y2X9Lr', 'active', '', 18),
(397, 'katherine', 'Barnes', 'WVzy$Jyqj6', 'active', '', 13),
(398, 'Evan', 'Barnes', '8@qP£jxp*n', 'active', '', 26),
(399, 'Tanya', 'Brown', 'a_K1I85U@E', 'active', '', 49),
(400, 'Paul', 'Hamilton', '6xzBcSRS$X', 'active', '', 20),
(401, 'Maud', 'Sanders', 'mLg$IB,VJ2', 'active', '', 33),
(402, 'Evan', 'Campbell', 'Xou92LWRKa', 'active', '', 4),
(403, 'Ashley', 'Williams', 'cGvhg25swR', 'active', '', 7),
(404, 'Hannah', 'Howard', 'b%vV*TUo*D', 'active', '', 21),
(405, 'Isabel', 'Gibson', 'EhGALqA89z', 'active', '', 28),
(406, 'Samantha', 'Bailey', 'muDB4E36J$', 'active', '', 40),
(407, 'Natalie', 'Barnes', 'eF*hdVNJVx', 'active', '', 53),
(408, 'Hannah', 'Brown', '6D5ADUtHHA', 'active', '', 24),
(409, 'Hannah', 'Gibson', '%,,*okLGm*', 'active', '', 37),
(410, 'Colin', 'Green', 'MWKy_£OxhY', 'active', '', 8),
(411, 'Vivian', 'Campbell', 'JC45ftN*$P', 'active', '', 44),
(412, 'Cody', 'Morgan', '9i8tI£ish5', 'active', '', 57),
(413, 'Martin', 'Smith', 'QLSUh?UY8i', 'active', '', 28),
(414, 'Tori', 'Cooper', 'tNzTh@6U0G', 'active', '', 40),
(415, 'Ben', 'Nelson', 'jafBh7m9Bb', 'active', '', 11),
(416, 'Dan', 'Green', 'Nftb@wCSG3', 'active', '', 18),
(417, 'Zane', 'Anderson', '?TQzf*,£VT', 'active', '', 44),
(418, 'Eve', 'Moore', 'MCyQLpM8u1', 'active', '', 25),
(419, 'Cameron', 'Wilson', 'Bt4AFnpRA1', 'active', '', 15),
(420, 'Tanya', 'Roberts', 'piOZt8e,I@', 'active', '', 61),
(421, 'Emma', 'Cook', 'LIXL2pa62M', 'active', '', 9),
(422, 'Evan', 'Bennett', 'FPrllGEO@D', 'active', '', 54),
(423, 'Tori', 'Winters', 'cvH£taJX9E', 'active', '', 61),
(424, 'Jo', 'Sanders', 'Ak7V4tEf$w', 'active', '', 3),
(425, 'Kerry', 'Harris', 'VubLegsunN', 'active', '', 39),
(426, 'Craig', 'Brown', '4Kzfkxwmf3', 'active', '', 52),
(427, 'Tori', 'Martin', '8Vci,£35mz', 'active', '', 23),
(428, 'Tori', 'Clarke', 'WEMx5IwbW%', 'active', '', 36),
(429, 'Ben', 'Richardson', '2kJQYTA*G4', 'active', '', 48),
(430, 'Maud', 'Winters', '?f_ruBrI8P', 'active', '', 30),
(431, 'Evan', 'Jones', 'FXhJ$wvT7t', 'active', '', 43),
(432, 'Lewis', 'Palmer', 'bvEqj3sOLq', 'active', '', 55),
(433, 'Zane', 'Miller', 'mDB$2ka£nK', 'active', '', 3),
(434, 'David', 'Moore', '_R*7TjVTA_', 'active', '', 26),
(435, 'Lewis', 'Stewart', 'e7r%GcetjP', 'active', '', 39),
(436, 'Chris', 'Howard', 'K4HVJPtG79', 'active', '', 46),
(437, 'Doris', 'Bailey', '%RWKH6ITfA', 'active', '', 6),
(438, 'Malcom', 'Gibson', 'TZrUbK£$71', 'active', '', 53),
(439, 'Imogen', 'Brown', 'x@aE,5Olhv', 'active', '', 1),
(440, 'Lydia', 'Johnson', 'T*fE$,CF*1', 'active', '', 13),
(441, 'Jo', 'Mitchel', 'ivB50J?wjJ', 'active', '', 26),
(442, 'Vivian', 'Johnson', 'mC£LETw$Z_', 'active', '', 8),
(443, 'katherine', 'Watson', 'ojN1FJ$8x3', 'active', '', 20),
(444, 'Cody', 'Russell', 'U9TJuugyT@', 'active', '', 53),
(445, 'Maud', 'Bailey', 'CyEryNDZ5W', 'active', '', 60),
(446, 'Daniel', 'Patterson', 'jFeXjrbJ@V', 'active', '', 43),
(447, 'Ashley', 'Baker', 'BUj2jajSgC', 'active', '', 56),
(448, 'Paul', 'Stewart', '*hdyLm$pk8', 'active', '', 50),
(449, 'Alex', 'Powell', '5qlDB7cLlQ', 'active', '', 21),
(450, 'katherine', 'Campbell', 'GHucdkRdw%', 'active', '', 5),
(451, 'Isabel', 'Adams', '%v51vX6sD£', 'active', '', 18),
(452, 'Ashley', 'Howard', '4d2Ryvv,Eu', 'active', '', 31),
(453, 'Neal', 'Howard', 'jmVivD%1CO', 'active', '', 12),
(454, 'Isabel', 'Morris', '£E3dOM9cOO', 'active', '', 25),
(455, 'Hillary', 'Morris', 'uwlxb9tXOt', 'active', '', 38),
(456, 'Isabel', 'Morgan', 'cGGZxl@£2O', 'active', '', 9),
(457, 'Daniel', 'Powell', 'rG336lDPtG', 'active', '', 21),
(458, 'Samantha', 'Hall', 'O8Glv,GjJ£', 'active', '', 34),
(459, 'Emma', 'Sanders', '7DLZFGU6sL', 'active', '', 16),
(460, 'Daniel', 'Hill', 'tYXRa0LJ59', 'active', '', 5),
(461, 'Henry', 'Adams', 'E%4FO@EfMa', 'active', '', 52),
(462, 'Patrick', 'Stewart', 'I2p5VmY7MQ', 'active', '', 64),
(463, 'Malcom', 'Wilson', 'dlPce1Ilb£', 'active', '', 35),
(464, 'Zoe', 'Peterson', '4OQFYTzaQt', 'active', '', 48),
(465, 'katherine', 'Williams', 'h0_ZlkNW_3', 'active', '', 61),
(466, 'Ashley', 'Thompson', 'KQWH9nSXQj', 'active', '', 3),
(467, 'Colin', 'Price', '7AYv£wd0ur', 'active', '', 39),
(468, 'Colin', 'Robinson', 'Z,i7v2_$jG', 'active', '', 51),
(469, 'Ray', 'Miller', 'poVzrpStKm', 'active', '', 64),
(470, 'Cody', 'Sanders', 'bGD09H7TvU', 'active', '', 48),
(471, 'Yvonne', 'Adams', 'wl,y$NmigW', 'active', '', 55),
(472, 'Natalie', 'Bennett', '@y4pTkVS1x', 'active', '', 26),
(473, 'Duncan', 'Edwards', 'BJ?$1gg3$H', 'active', '', 38),
(474, 'Claire', 'Adams', 's72%Rb58Ij', 'active', '', 33),
(475, 'Craig', 'Howard', 'E5e*VIEUlB', 'active', '', 4),
(476, 'Hillary', 'Morris', '5WFfOj£B£y', 'active', '', 29),
(477, 'Zoe', 'Russell', 'wwG$9HU09J', 'active', '', 65),
(478, 'Kerry', 'Harris', 'KP6g_rPvDH', 'active', '', 13),
(479, 'David', 'Adams', 'oo7MgM7qws', 'active', '', 36),
(480, 'Neal', 'Harris', 'B0e*mqh%7k', 'active', '', 49),
(481, 'Tori', 'Mitchel', 'iOsQMNyh2G', 'active', '', 62),
(482, 'Luke', 'Hill', 'K9Ey7tW*Ny', 'active', '', 43),
(483, 'Mason', 'Morgan', 'K57Pd2£NEQ', 'active', '', 56),
(484, 'Claire', 'Peterson', '7$$jSliHEG', 'active', '', 4),
(485, 'katherine', 'Mitchel', 'T_62zbird£', 'active', '', 16),
(486, 'Lewis', 'Morris', '7%XfQGS$T%', 'active', '', 63),
(487, 'Craig', 'Hall', 'fAUgWjG0H_', 'active', '', 52),
(488, 'Jo', 'Smith', '*5w4bt6pMn', 'active', '', 34),
(489, 'Zoe', 'Bailey', 'PyRab4VT_G', 'active', '', 47),
(490, 'Eve', 'Walker', '8dlY,G$zLw', 'active', '', 59),
(491, 'Janet', 'Watson', 'Qhy1xcF@2s', 'active', '', 1),
(492, 'Owen', 'Cook', 'UyF@XZ7?T2', 'active', '', 50),
(493, 'Isabel', 'Edwards', 'mF8ebmJiLO', 'active', '', 63),
(494, 'Sam', 'Johnson', '2zefTCreTC', 'active', '', 5),
(495, 'Eve', 'Davidson', 'NZ__MuDiY@', 'active', '', 24),
(496, 'Sam', 'Nelson', '4?UjIl3D7h', 'active', '', 48),
(497, 'Martin', 'Anderson', '9Dj0cNzB6R', 'active', '', 60),
(498, 'Malcom', 'Watson', 'j@kBzDPDht', 'active', '', 8),
(499, 'Jo', 'Wilson', 'Gs%qRdrfT@', 'active', '', 21),
(500, 'Yvonne', 'Roberts', 'T,M,oI2Gc3', 'active', '', 2),
(501, 'Debbie', 'Young', 'w,d1uZNhhh', 'active', '', 15),
(502, 'Cameron', 'Baker', 'h7*x@ld2SQ', 'active', '', 28),
(503, 'Jack', 'Price', 'HswEW8ubPs', 'active', '', 41),
(504, 'Sam', 'Hill', 'hSXMZePpA%', 'active', '', 64),
(505, 'Kerry', 'Edwards', 'r£xCpmrpr5', 'active', '', 12),
(506, 'Anne', 'Stewart', 'i_?0o$%uet', 'active', '', 24),
(507, 'Cameron', 'Bailey', 'U2XhxJZ2r2', 'active', '', 6),
(508, 'Colin', 'Price', 'Xl8YwdlH_T', 'active', '', 19),
(509, 'Clara', 'Brown', 'RRjnGR5x0W', 'active', '', 31),
(510, 'Chris', 'Wilson', 'kIXZBsnldR', 'active', '', 44),
(511, 'Ben', 'Ross', '9%sXGG?HZh', 'active', '', 26),
(512, 'Ashley', 'Davies', '%ON7wiOn£A', 'active', '', 15),
(513, 'Kyle', 'Davidson', ',*COay@JrB', 'active', '', 62),
(514, 'Isabel', 'Howard', 'Rm8tAFVQy7', 'active', '', 9),
(515, 'Colin', 'Bennett', 'L7RH19TzHb', 'active', '', 22),
(516, 'Mason', 'Adams', '%ejKnI_gzB', 'active', '', 35),
(517, 'Ray', 'Campbell', 'lr8I6gkCK9', 'active', '', 16),
(518, 'Lydia', 'Ford', 'DPYjk2j2KR', 'active', '', 6),
(519, 'Zane', 'Morgan', 'VHzv_da1xC', 'active', '', 36),
(520, 'Daniel', 'Hall', '@@CrCrcdep', 'active', '', 16),
(521, 'Henry', 'Morgan', 'u7F87Z?mtB', 'active', '', 48),
(522, 'Evan', 'Cook', 'WIPpnalF3j', 'active', '', 39),
(523, 'Tori', 'Bailey', '0JpQ2jgCQA', 'active', '', 10),
(524, 'Owen', 'Anderson', ',b0O6z£@21', 'active', '', 23),
(525, 'Kerry', 'Campbell', 'oeUZxPft9w', 'active', '', 5),
(526, 'Malcom', 'Peterson', 'dsafi*0ibj', 'active', '', 59),
(527, 'Tori', 'Clarke', '8Ap?r$$z*c', 'active', '', 7),
(528, 'Dan', 'Edwards', 'fRT7N3nwvI', 'active', '', 53),
(529, 'Kyle', 'Bailey', '06$n%FmKqD', 'active', '', 1),
(530, 'Kyle', 'Hill', 'dHRiqro*YH', 'active', '', 14),
(531, 'Maud', 'Bennett', 'T9yn£qJ,B5', 'active', '', 50),
(532, 'Clara', 'Harris', 'lMAXoP*J0E', 'active', '', 62),
(533, 'Adam', 'Patterson', 'Phx9WEJ8UL', 'active', '', 44),
(534, 'Amy', 'Henderson', 'W£f9lv0igA', 'active', '', 57),
(535, 'Amy', 'Nelson', 'FGS3*Ta88B', 'active', '', 4),
(536, 'Tanya', 'Harris', 'ZgGzaoUB$c', 'active', '', 53),
(537, 'Evan', 'Roberts', 'sTtIE%83,d', 'active', '', 24),
(538, 'Maud', 'Martin', 'Acmxz47D3u', 'active', '', 60),
(539, 'Patrick', 'Williams', 'opZMDoCAAo', 'active', '', 8),
(540, 'Isabel', 'Peterson', 'PAm£d£,sMR', 'active', '', 20),
(541, 'Emma', 'Johnson', 'j0WW9R$eNt', 'active', '', 2),
(542, 'Imogen', 'Davies', '9Vp@V?73M_', 'active', '', 15),
(543, 'Ray', 'Price', 'HRs95Bi£fm', 'active', '', 54),
(544, 'Martin', 'Williams', '5_£brIGD1k', 'active', '', 51),
(545, 'Chris', 'Sanders', '0gs536wrkk', 'active', '', 32),
(546, 'Lydia', 'Price', 'alF4JBvi9A', 'active', '', 45),
(547, 'katherine', 'Roberts', 'P$MpGpU8kb', 'active', '', 58),
(548, 'Zane', 'Jones', 'pz5vUgV2I5', 'active', '', 5),
(549, 'Yvonne', 'Miller', '91WYEPSNP2', 'active', '', 52),
(550, 'Debbie', 'Price', 'E1xYj?U£v_', 'active', '', 12),
(551, 'Doris', 'Howard', '4Xuh6NriO3', 'active', '', 25),
(552, 'Neal', 'Gibson', '£Xc8_£1t93', 'active', '', 7),
(553, 'katherine', 'Williams', 'alFn5lKYu%', 'active', '', 9),
(554, 'Tori', 'Young', 'XK3X,LFLe_', 'active', '', 55),
(555, 'Imogen', 'Winters', 'SV4*3pxlNg', 'active', '', 45),
(556, 'Ray', 'Howard', '8GFG*HYacO', 'active', '', 26),
(557, 'Eve', 'Johnson', '1mH_oP051X', 'active', '', 39),
(558, 'John', 'Adams', 'ntTkE$xam,', 'active', '', 10),
(559, 'Maud', 'Stewart', 'q_@PhEt,Wl', 'active', '', 23),
(560, 'Patrick', 'Campbell', 'SkAhRmq54F', 'active', '', 35),
(561, 'katherine', 'Roberts', '_w4onB7n84', 'active', '', 48),
(562, 'Anne', 'Cooper', 'Wg9zir1Min', 'active', '', 30),
(563, 'Janet', 'Winters', '%qEUzSY?H_', 'active', '', 42),
(564, 'Ashley', 'Hughes', 'atLtNe5axk', 'active', '', 13),
(565, 'Lydia', 'Baker', '?74Wj_j,Gr', 'active', '', 49),
(566, 'Owen', 'Hughes', 'LTTpj?Qkri', 'active', '', 62),
(567, 'Natalie', 'Russell', '3IpEfIQZV0', 'active', '', 20),
(568, 'Colin', 'Adams', 'F8@1ceFI1K', 'active', '', 33),
(569, 'Alex', 'Carter', '?wwOz3@KB9', 'active', '', 46),
(570, 'Owen', 'Barnes', ',_nX2s3w0s', 'active', '', 29),
(571, 'Claire', 'Anderson', '_rWb?@7fL3', 'active', '', 13),
(572, 'Isabel', 'Davies', 'gTkd,qzYfJ', 'active', '', 15),
(573, 'Kerry', 'Miller', '_LLFemYt6Q', 'active', '', 27),
(574, 'Duncan', 'Edwards', 'RCfvAIQ1lI', 'active', '', 40),
(575, 'Anne', 'Griffin', '%7pZF07NdT', 'active', '', 53),
(576, 'Tommie', 'Brown', '0qQHdwC56U', 'active', '', 34),
(577, 'Lewis', 'Campbell', 'VTYSd9sTr1', 'active', '', 47),
(578, 'Isabel', 'Morris', '5cVORLplrA', 'active', '', 60),
(579, 'Cody', 'Richardson', 'XSV5K4i6DM', 'active', '', 7),
(580, 'Maud', 'Atkinson', '$VDjXMc$Z9', 'active', '', 31),
(581, 'Tommie', 'Richardson', 'hB?Etpq7J8', 'active', '', 43),
(582, 'Claire', 'Peterson', 'G6L£y?5cS2', 'active', '', 56),
(583, 'Zoe', 'Henderson', '_9K,snNHxE', 'active', '', 38),
(584, 'Ron', 'Carter', 'IcrrwFxifD', 'active', '', 50),
(585, 'Ray', 'Cooper', 'Kvawi06GsO', 'active', '', 63),
(586, 'Kerry', 'Barnes', 'Shht£l$*x3', 'active', '', 11),
(587, 'Amy', 'Hughes', '@SCY_3@hA1', 'active', '', 57),
(588, 'Owen', 'Peterson', 'j9Uzw4EhVp', 'active', '', 47),
(589, 'Henry', 'Robinson', 'efpw£pTc0M', 'active', '', 28),
(590, 'Ron', 'Bennett', '1LirN8s3c2', 'active', '', 41),
(591, 'Chris', 'Martin', 'y_,mCBety$', 'active', '', 54),
(592, 'Mason', 'Martin', '0p3QVR?Cd£', 'active', '', 1),
(593, 'Daniel', 'Campbell', 'ACrcLgxTZX', 'active', '', 48),
(594, 'David', 'Morris', '9x8cRqdnic', 'active', '', 37),
(595, 'Duncan', 'Davidson', 'zaCvd@GcbA', 'active', '', 8),
(596, 'Adam', 'Campbell', 'SYO8zyCMrI', 'active', '', 32),
(597, 'Lewis', 'Russell', 'PAx29qPgOw', 'active', '', 44),
(598, 'Janet', 'Peterson', 'eFh8V7NB6m', 'active', '', 28),
(599, 'Mason', 'Adams', 'JP£i09u%rg', 'active', '', 12),
(600, 'Maud', 'Russell', 'SEkeB8%Du_', 'active', '', 25),
(601, 'Lewis', 'Williams', 'EuGtyYTWEa', 'active', '', 10),
(602, 'Hannah', 'Palmer', 'Pt£U82ZUMi', 'active', '', 17),
(603, 'Ron', 'Roberts', ',MhzTv0D*a', 'active', '', 65),
(604, 'Jo', 'Howard', 'WVmnE*6FQJ', 'active', '', 36),
(605, 'Chris', 'Cooper', 'mYaZlpZNZg', 'active', '', 20),
(606, 'Imogen', 'Mitchel', '£p1UtEWQEe', 'active', '', 33),
(607, 'Anne', 'Sanders', '5*dpd4£xj9', 'active', '', 45),
(608, 'Ron', 'Hamilton', 'ggc_O5,zdq', 'active', '', 58),
(609, 'katherine', 'Bailey', 'hJNFU00HS*', 'active', '', 40),
(610, 'Ray', 'Green', 'uwZQOWQ57P', 'active', '', 29),
(611, 'Isabel', 'Powell', 'mAm1NXtKxr', 'active', '', 11),
(612, 'Emma', 'Martin', 'lKowl0uLkJ', 'active', '', 23),
(613, 'Hannah', 'Cooper', 'zo*H$@?7nY', 'active', '', 36),
(614, 'Craig', 'Morris', 'V00?fsobLf', 'active', '', 49),
(615, 'Sam', 'Green', 'xxKcYMfn8f', 'active', '', 30),
(616, 'Craig', 'Morgan', 'IEp,UQ_*D$', 'active', '', 43),
(617, 'Cameron', 'Young', 'ph9MiM6xKH', 'active', '', 27),
(618, 'Sam', 'Edwards', 'RucwvJsQHH', 'active', '', 10),
(619, 'Tommie', 'Wilson', '8oIR4zXv6,', 'active', '', 5),
(620, 'Chris', 'Moore', 'dqa?_2UU,J', 'active', '', 18),
(621, 'Vivian', 'Coleman', 'J%VF7N@Wns', 'active', '', 30),
(622, 'Ray', 'Patterson', '5wMvwyAzFb', 'active', '', 43),
(623, 'Tanya', 'Jones', '0£69DQBWO%', 'active', '', 25),
(624, 'Malcom', 'Green', ',UiY,vfR?8', 'active', '', 37),
(625, 'Lydia', 'Powell', 'CNqd$f*Vxh', 'active', '', 50),
(626, 'Martin', 'Atkinson', '_zyO1o4VzN', 'active', '', 21),
(627, 'Lydia', 'Anderson', '3E$21xWqnV', 'active', '', 34),
(628, 'Doris', 'Barnes', '1%LINPmtzO', 'active', '', 17),
(629, 'Vivian', 'Powell', '$q9ma@wYKy', 'active', '', 53),
(630, 'Martin', 'Young', 'cX6RCQd0VA', 'active', '', 1),
(631, 'Alex', 'Russell', '8CReY8kv4F', 'active', '', 48),
(632, 'Mason', 'Clarke', 'GykPDSNaNx', 'active', '', 37),
(633, 'Lewis', 'Johnson', 'KoNgOz6a8R', 'active', '', 19),
(634, 'Ben', 'Williams', '2S1FrPQPjM', 'active', '', 31),
(635, 'Eve', 'Stewart', 'zb,Tp*5MW*', 'active', '', 44),
(636, 'Claire', 'Baker', 'zCUiEdjfz%', 'active', '', 57),
(637, 'Martin', 'Mitchel', 'gX4BA7aSa4', 'active', '', 38),
(638, 'Alex', 'Bennett', 'mkTEXUr00o', 'active', '', 28),
(639, 'Duncan', 'Henderson', 'm_Y@hzLjWF', 'active', '', 40),
(640, 'Neal', 'Baker', 'hxgyhS3cZ@', 'active', '', 22),
(641, 'Alex', 'Green', 'UYNOJ9A2vd', 'active', '', 35),
(642, 'Adam', 'Barnes', 'Jc2xCBs3M$', 'active', '', 47),
(643, 'Claire', 'Williams', 'kFfv?EobDU', 'active', '', 60),
(644, 'Isabel', 'Hill', 'QTaTunxSi0', 'active', '', 42),
(645, 'Adam', 'Barnes', 'RAJh_3MCy%', 'active', '', 13),
(646, 'Tanya', 'Palmer', 'wUvgp?pGS7', 'active', '', 15),
(647, 'Hillary', 'Smith', 'gLwcp5RBVL', 'active', '', 61),
(648, 'Amy', 'Carter', 'b212YLTnYB', 'active', '', 9),
(649, 'Duncan', 'Powell', 'JwV,drowxb', 'active', '', 45),
(650, 'Henry', 'Nelson', 'ZrD9i_Jz_U', 'active', '', 58),
(651, 'Tori', 'Palmer', 'Ph4qkXbeT5', 'active', '', 6),
(652, 'Eve', 'Harris', 'iqBM1kglTB', 'active', '', 52),
(653, 'Ashley', 'Stewart', 'A0UM9GG59h', 'active', '', 65),
(654, 'Cody', 'Henderson', '0uJgUYK9V2', 'active', '', 13),
(655, 'Ben', 'Williams', 'et4*DTYPxI', 'active', '', 25),
(656, 'Lydia', 'Roberts', 'gqmGjJEART', 'active', '', 49),
(657, 'Lewis', 'Miller', 'SM$M,,4gBw', 'active', '', 61),
(658, 'Daniel', 'Edwards', 'gqjcK1@YR3', 'active', '', 9),
(659, 'Ray', 'Patterson', 'lL£v8%qVbm', 'active', '', 16),
(660, 'Maud', 'Campbell', 'tKXD%mcGCy', 'active', '', 10),
(661, 'Daniel', 'Sanders', 'jNZbsE7NVQ', 'active', '', 23),
(662, 'Craig', 'Jones', 'fyNfdv1@iw', 'active', '', 36),
(663, 'Zane', 'Walker', 'knKGxAEyTA', 'active', '', 7),
(664, 'Jo', 'Gibson', 'rm?5%KxggL', 'active', '', 19),
(665, 'Daniel', 'Henderson', 'exka1ZVR3t', 'active', '', 55),
(666, 'Malcom', 'Harris', 'LJ7uWRfkdp', 'active', '', 3),
(667, 'Neal', 'Brown', 'yX3e9Sjc5r', 'active', '', 50),
(668, 'Natalie', 'Scott', 'eljW£%r9@L', 'active', '', 39),
(669, 'Eve', 'Rogers', 'i1kbhhy,B?', 'active', '', 10),
(670, 'Daniel', 'Green', 'sf0p2s9NN$', 'active', '', 23),
(671, 'Evan', 'Campbell', 'i3£zmUsKJP', 'active', '', 59),
(672, 'Neal', 'Ford', 'g3kBnT7hJl', 'active', '', 42),
(673, 'Craig', 'Ross', 'yuj28jUS@*', 'active', '', 37),
(674, 'Clara', 'Price', 'BfhGy9Tslf', 'active', '', 49),
(675, 'Doris', 'Davidson', 'pPp6rSF£5,', 'active', '', 44),
(676, 'Adam', 'Russell', 'QIzh8ey2r2', 'active', '', 15),
(677, 'Isabel', 'Peterson', 'H?bmoEqS%e', 'active', '', 17),
(678, 'Ashley', 'Moore', 'vE$fhEzhQl', 'active', '', 64),
(679, 'Cody', 'Rogers', '8Vv?xp34lI', 'active', '', 11),
(680, 'Clara', 'Gibson', '_a6VDUEURS', 'active', '', 35),
(681, 'Zoe', 'Roberts', '3LNYUiiGf2', 'active', '', 47),
(682, 'Yvonne', 'Moore', 'xhrk_cUxHz', 'active', '', 60),
(683, 'Cody', 'Sanders', 'h8SPdVTcUQ', 'active', '', 8),
(684, 'Janet', 'Sanders', 'QllZF@YV66', 'active', '', 54),
(685, 'Dan', 'Griffin', '5z?Twe*nbH', 'active', '', 27),
(686, 'Martin', 'Robinson', 'JmNBzAXiuJ', 'active', '', 63),
(687, 'Adam', 'Hill', 'KfTIcpjqz3', 'active', '', 11),
(688, 'Paul', 'Barnes', 'KzIPBxCqxM', 'active', '', 58),
(689, 'Eve', 'Moore', 'cRMlNTdC2Y', 'active', '', 5),
(690, 'Isabel', 'Brown', 'GoiuQIB*Y8', 'active', '', 18),
(691, 'Debbie', 'Price', 'WnAw0LO*nz', 'active', '', 31),
(692, 'Adam', 'Williams', 's?Zs9pz*Oy', 'active', '', 12),
(693, 'Ben', 'Johnson', '61llsoHF?X', 'active', '', 25),
(694, 'Luke', 'Young', 'PKK2WFgb0E', 'active', '', 38),
(695, 'Alex', 'Bennett', 'snmiX2u4ox', 'active', '', 50),
(696, 'Duncan', 'Martin', 'wEivhXmc8N', 'active', '', 21),
(697, 'Samantha', 'Adams', 'A_%gVgCt_3', 'active', '', 3),
(698, 'Ashley', 'Hughes', 'HTcAx£0Ps9', 'active', '', 41),
(699, 'Claire', 'Martin', 'o3_R8%UwZx', 'active', '', 61),
(700, 'Zane', 'Hamilton', 'L7UzlN5gp1', 'active', '', 26),
(701, 'Craig', 'Watson', '0*Ss4aby£i', 'active', '', 39),
(702, 'Vivian', 'Griffin', '8dMQ592Vo$', 'active', '', 23),
(703, 'Janet', 'Walker', 'nG0@c?SiBY', 'active', '', 6),
(704, 'Hillary', 'Williams', '9glTy7lpp2', 'active', '', 13),
(705, 'Vivian', 'Barnes', '7DClbYygV2', 'active', '', 39),
(706, 'Hannah', 'Mitchel', 'z2V?mjjC@w', 'active', '', 33),
(707, 'Eve', 'Scott', '4Pi,o,Ag7p', 'active', '', 58),
(708, 'Doris', 'Davidson', 'LsVMLo£riR', 'active', '', 29),
(709, 'Tori', 'Cook', 'sx27q$Q73H', 'active', '', 11),
(710, 'Cody', 'Parker', ',zaZnrFx5Y', 'active', '', 7),
(711, 'Alex', 'Winters', '5Avv,ON?On', 'active', '', 33),
(712, 'Daniel', 'Morgan', 'JHzrJXX6pA', 'active', '', 14),
(713, 'Colin', 'Palmer', 'kK$U6LmF6p', 'active', '', 27),
(714, 'Chris', 'Cooper', 'rirsmwZoF?', 'active', '', 40),
(715, 'Paul', 'Richardson', 'Z5mp@de2Dd', 'active', '', 52),
(716, 'Ron', 'Griffin', 'aW1n1njaGO', 'active', '', 34),
(717, 'Debbie', 'Cooper', '%zyDN_GrUO', 'active', '', 23),
(718, 'Evan', 'Morgan', 'idpLfnz5vc', 'active', '', 54),
(719, 'Adam', 'Green', 'ReosO?tJiN', 'active', '', 14),
(720, 'Vivian', 'Parker', 'hv7oh,?mfg', 'active', '', 27),
(721, 'Kyle', 'Adams', 'bF£HwBljnC', 'active', '', 63),
(722, 'Ashley', 'Williams', '5?E@ylLPgd', 'active', '', 57),
(723, 'Kerry', 'Hamilton', 'X41L?3xf*L', 'active', '', 5),
(724, 'Anne', 'Roberts', 'BXp%Q4KgAa', 'active', '', 64),
(725, 'Kerry', 'Morris', 'Hr$*B$91LO', 'active', '', 1),
(726, 'Clara', 'Gibson', 'Hn%AtV7?IW', 'active', '', 48),
(727, 'Adam', 'Campbell', 'B4Xw3UFoTg', 'active', '', 61),
(728, 'Adam', 'Richardson', 'X@@Xi72lV6', 'active', '', 19),
(729, 'Eve', 'Gibson', 'RGS@20Qqzf', 'active', '', 32),
(730, 'Tommie', 'Price', '%$0VhQAj,7', 'active', '', 44),
(731, 'Natalie', 'Peterson', 'cRjO?LvMc@', 'active', '', 57),
(732, 'Alex', 'Hamilton', 'Tr$7%57VD9', 'active', '', 39),
(733, 'Luke', 'Bennett', '38FTiTpMx,', 'active', '', 51),
(734, 'Kyle', 'Morgan', 'YdG£$*a3_s', 'active', '', 64),
(735, 'Daniel', 'Stewart', 'Bu$7syOGsV', 'active', '', 12),
(736, 'Malcom', 'Moore', 'IF@6sVVVE4', 'active', '', 58),
(737, 'Tori', 'Richardson', 'X@_6pzuCr%', 'active', '', 6),
(738, 'Imogen', 'Adams', 'P*9Gp9Jcv3', 'active', '', 42),
(739, 'Natalie', 'Moore', '2LQ?YMVK9O', 'active', '', 55),
(740, 'Ron', 'Cook', 'P_w0KoGBf£', 'active', '', 2),
(741, 'Cody', 'Bailey', 'MaDBDB?o_H', 'active', '', 15),
(742, 'Vivian', 'Robinson', 'gcdqoXUHRN', 'active', '', 62),
(743, 'Ron', 'Carter', 'o£6xS4@J@U', 'active', '', 9),
(744, 'Samantha', 'Powell', 'iW1TwAfGhE', 'active', '', 22),
(745, 'Mason', 'Scott', '5lF%vYGUwf', 'active', '', 40),
(746, 'Ron', 'Hall', 'zv2gp_sdP,', 'active', '', 47),
(747, 'Ben', 'Jones', 'nWkhw,7g,W', 'active', '', 43),
(748, 'Adam', 'Griffin', 'qyyUQIl7kS', 'active', '', 3),
(749, 'Debbie', 'Robinson', 'BFIOmz_%LR', 'active', '', 39),
(750, 'Vivian', 'Davidson', 'RjQ07xbOO$', 'active', '', 10),
(751, 'Doris', 'Patterson', 'FU£ce*g?5£', 'active', '', 23),
(752, 'Tommie', 'Gibson', 'NiDDELF@Zc', 'active', '', 5),
(753, 'Luke', 'Price', 'Z@HUL*U_Sj', 'active', '', 17),
(754, 'Craig', 'Gray', 'PiTwrviVI$', 'active', '', 41),
(755, 'katherine', 'Cooper', 'axrOSlsQeg', 'active', '', 53),
(756, 'Lewis', 'Rogers', '95N*,B%Z_6', 'active', '', 1),
(757, 'Alex', 'Hamilton', '3I8rg6Ky*7', 'active', '', 14),
(758, 'Malcom', 'Watson', 'Yz_Kc5LcUL', 'active', '', 60),
(759, 'Owen', 'Adams', 'Hp5dYdl@QI', 'active', '', 8),
(760, 'Cody', 'Hill', 'Z,YE,aZHLC', 'active', '', 21),
(761, 'Tori', 'Nelson', 'PYQG?1ClX4', 'active', '', 33),
(762, 'Daniel', 'Powell', 'J£0hPMXbDN', 'active', '', 57),
(763, 'Colin', 'Patterson', 'gVu*KAR4wu', 'active', '', 4),
(764, 'Lewis', 'Sanders', 'ZtWcC_Nzz,', 'active', '', 17),
(765, 'Vivian', 'Robinson', 'q52mlE0suO', 'active', '', 64),
(766, 'Kyle', 'Carter', '0hmxGj?eVE', 'active', '', 11),
(767, 'Colin', 'Brown', 'pBwOWd0Xuw', 'active', '', 24),
(768, 'Adam', 'Hamilton', 'JR1EC?iSEF', 'active', '', 48),
(769, 'Mason', 'Thompson', 'hFQ2ZpIazX', 'active', '', 19),
(770, 'Chris', 'Anderson', 'VB$gSkn77o', 'active', '', 8),
(771, 'Patrick', 'Howard', 'p20I*jM6*S', 'active', '', 55),
(772, 'Jo', 'Russell', 'T9it%5aKjF', 'active', '', 2),
(773, 'Maud', 'Walker', 'cX£I1fmWap', 'active', '', 15),
(774, 'Debbie', 'Ford', 'VZ3£RVoxzL', 'active', '', 28),
(775, 'Emma', 'Hall', 'pq0fV9ligW', 'active', '', 9),
(776, 'David', 'Sanders', 'aNGTt8CaIj', 'active', '', 35),
(777, 'Yvonne', 'Harris', 'ds7LlC3hY_', 'active', '', 6),
(778, 'Mason', 'Harris', 'hDSOdXF0U9', 'active', '', 13),
(779, 'Hannah', 'Patterson', 'XJtEhjV@6£', 'active', '', 25),
(780, 'Paul', 'Barnes', 'bZtkRjXZ1@', 'active', '', 49),
(781, 'Cody', 'Scott', '1K5qRQhRMS', 'active', '', 61),
(782, 'Malcom', 'Roberts', 'xh2JLjw0VN', 'active', '', 9),
(783, 'Debbie', 'Brown', 'FOB6KeLbQl', 'active', '', 22),
(784, 'Maud', 'Gibson', '$v$xg5Y%UQ', 'active', '', 3),
(785, 'Daniel', 'Brown', 'gFND_yEbk1', 'active', '', 16),
(786, 'Imogen', 'Nelson', 'RGVF_Z3Cpb', 'active', '', 41),
(787, 'Craig', 'Cook', 'JTVT,eOy?g', 'active', '', 36),
(788, 'Daniel', 'Ross', 'mIhQ$Lh,Ms', 'active', '', 7),
(789, 'Henry', 'Henderson', 'FwRZErfxNT', 'active', '', 19),
(790, 'Hillary', 'Bennett', 'l9RT9A2PMS', 'active', '', 55),
(791, 'Claire', 'Martin', 'S0I_BOEm62', 'active', '', 26),
(792, 'Patrick', 'Roberts', 'ehZ6X%08AG', 'active', '', 39),
(793, 'Tommie', 'Davies', 'EUe$Bx266M', 'active', '', 52),
(794, 'Chris', 'Watson', '6TrMhmM@5v', 'active', '', 65),
(795, 'Lewis', 'Stewart', 'AfHsS3dSkR', 'active', '', 46),
(796, 'Owen', 'Jones', 'sMdF2mNF5F', 'active', '', 59),
(797, 'Chris', 'Watson', 'cnQi9nLGUw', 'active', '', 7),
(798, 'Tori', 'Thompson', 'tN6wcijq%a', 'active', '', 19),
(799, 'Adam', 'Davies', 'L9xe8z5s1Y', 'active', '', 55),
(800, 'Colin', 'Morgan', '%Zs5zn27$a', 'active', '', 37),
(801, 'Martin', 'Sanders', 'iMthnUsG9l', 'active', '', 50),
(802, 'Jo', 'Parker', '7QJ£X4vRor', 'active', '', 33),
(803, 'Cody', 'Patterson', 'Q52S9o_*rQ', 'active', '', 46),
(804, 'Alex', 'Carter', 'pQJ2NaNBNJ', 'active', '', 4),
(805, 'Martin', 'Patterson', 'MVT%5vICeU', 'active', '', 11),
(806, 'Neal', 'Miller', 'eT£q@KGmpC', 'active', '', 60),
(807, 'Duncan', 'Gibson', '?RhcUESx9i', 'active', '', 20),
(808, 'Imogen', 'Parker', 'MIil_5Ld*$', 'active', '', 15),
(809, 'Amy', 'Adams', 'l1,7tKi%yY', 'active', '', 27),
(810, 'Ben', 'Moore', 'H_wCLQ$M,,', 'active', '', 40),
(811, 'Amy', 'Scott', 'Lh7bY6Ck30', 'active', '', 63),
(812, 'Evan', 'Davidson', '7o1yRLj*VO', 'active', '', 34),
(813, 'Emma', 'Adams', '£E_n3%2K@a', 'active', '', 24),
(814, 'Luke', 'Cook', ',7XoE?9WtM', 'active', '', 5),
(815, 'Daniel', 'Williams', '0*KX1RIHE,', 'active', '', 18),
(816, 'Luke', 'Carter', '4Hm7o_bRNJ', 'active', '', 31),
(817, 'Colin', 'Nelson', 'QZ1HZJDpC7', 'active', '', 27),
(818, 'Natalie', 'Johnson', 'LL028J,IBZ', 'active', '', 9),
(819, 'Ron', 'Bennett', 'yG5LtDqqaR', 'active', '', 21),
(820, 'Emma', 'Clarke', 'CKOZklxEty', 'active', '', 34),
(821, 'Tori', 'Cook', '5IAo@PV1v?', 'active', '', 5),
(822, 'Ray', 'Roberts', '4£0K$l50gw', 'active', '', 18),
(823, 'Tommie', 'Rogers', '86$ere0hiG', 'active', '', 65),
(824, 'Luke', 'Hill', '8jOrN_a*P4', 'active', '', 12),
(825, 'Debbie', 'Price', 'pXSyvGCrrz', 'active', '', 25),
(826, 'Samantha', 'Nelson', 'N8hvtKZjKv', 'active', '', 55),
(827, 'Neal', 'Gibson', '_JURbN5VXB', 'active', '', 39),
(828, 'Evan', 'Carter', 'hqArSqb@qA', 'active', '', 46),
(829, 'Imogen', 'Green', 'CPvCBi8MK$', 'active', '', 58),
(830, 'Hannah', 'Miller', 'SS£Y?SB,CI', 'active', '', 6),
(831, 'Emma', 'Young', '4WHNi,xYlO', 'active', '', 42),
(832, 'Henry', 'Morgan', 'otG5xgR45q', 'active', '', 36),
(833, 'Paul', 'Rogers', 'dZm@hMiaLK', 'active', '', 49),
(834, 'Claire', 'Gibson', '6j7He0C,Es', 'active', '', 62),
(835, 'Cameron', 'Nelson', 'AJg,FAwD*6', 'active', '', 10),
(836, 'Tori', 'Clarke', 'Um,AGC8CHH', 'active', '', 56),
(837, 'Sam', 'Bailey', 'OWE6HU£Tm7', 'active', '', 4),
(838, 'Alex', 'Parker', 'CHpALT65D0', 'active', '', 17),
(839, 'Jo', 'Sanders', 'VGR£bjk3T8', 'active', '', 11),
(840, 'Ben', 'Williams', 'ZtUINdVC@Z', 'active', '', 65),
(841, 'David', 'Howard', 'lzPk5E3,,t', 'active', '', 47),
(842, 'Yvonne', 'Peterson', 'TCJRiqeX$m', 'active', '', 49),
(843, 'Ray', 'Bailey', '_qgVO3Tf?S', 'active', '', 20),
(844, 'Chris', 'Robinson', '1dX$@Rzrss', 'active', '', 2),
(845, 'Cameron', 'Morgan', 'hchsmgpRIm', 'active', '', 4),
(846, 'Alex', 'Coleman', 'H7zVR?ieWb', 'active', '', 50),
(847, 'Sam', 'Moore', 'YD3L?nF?wR', 'active', '', 63),
(848, 'Jo', 'Jones', 'F2uQY,Q4kZ', 'active', '', 21),
(849, 'Zoe', 'Cooper', '_hMsahr@pJ', 'active', '', 34),
(850, 'Ashley', 'Carter', 'LDFuN0hlzN', 'active', '', 47),
(851, 'Ben', 'Robinson', 'asROMBp7r7', 'active', '', 59),
(852, 'Tori', 'Clarke', 'Y6G0Q_TJum', 'active', '', 1),
(853, 'Kyle', 'Wilson', '9ywF1$mXg,', 'active', '', 50),
(854, 'Zoe', 'Wilson', 'UPP4gvq_9I', 'active', '', 57),
(855, 'Malcom', 'Baker', 'Wu9Of%YAbZ', 'active', '', 5),
(856, 'Tori', 'Barnes', '0Z$S70ZTjd', 'active', '', 17),
(857, 'Eve', 'Thompson', 'BHp@NRG5e£', 'active', '', 53),
(858, 'Martin', 'Clarke', 'vJ5TYERa%y', 'active', '', 35),
(859, 'Adam', 'Clarke', 'mhlNqGY@0q', 'active', '', 48),
(860, 'Eve', 'Coleman', '1dIw,D1Eeq', 'active', '', 60),
(861, 'Henry', 'Patterson', 'wggHsmsBE9', 'active', '', 8),
(862, 'Janet', 'Hamilton', 'P9$*2kRMnO', 'active', '', 55),
(863, 'Tommie', 'Wilson', '7xFhYVzdtS', 'active', '', 3),
(864, 'Cameron', 'Sanders', 'iRIVCy_wW£', 'active', '', 39),
(865, 'Jo', 'Parker', 'oE8jzOa£M%', 'active', '', 51),
(866, 'Henry', 'Clarke', '6aG6Pal5ba', 'active', '', 64),
(867, 'Claire', 'Harris', 'bKdJ5%,dGT', 'active', '', 12),
(868, 'Dan', 'Carter', 'nQe4WLy$£_', 'active', '', 58),
(869, 'Alex', 'Hughes', 'K?zmD4QoMy', 'active', '', 6),
(870, 'Janet', 'Clarke', 'c7FXpdwwU2', 'active', '', 19),
(871, 'Evan', 'Cooper', '1bsiNyturb', 'active', '', 55),
(872, 'Adam', 'Richardson', 'i0o82p0zIY', 'active', '', 2),
(873, 'Mason', 'Parker', 'JdWYC,G2cP', 'active', '', 49),
(874, 'Duncan', 'Adams', '8SmT6$3@**', 'active', '', 62),
(875, 'Hannah', 'Hughes', 'loTRl_g?Mp', 'active', '', 9),
(876, 'Owen', 'Harris', 'NVUfJs%RPG', 'active', '', 22),
(877, 'Doris', 'Morgan', '2GPOiNBCV2', 'active', '', 6),
(878, 'Owen', 'Edwards', '@7KUDO2aoF', 'active', '', 13),
(879, 'Ron', 'Barnes', 'Y1q3FG%RC7', 'active', '', 61),
(880, 'Paul', 'Atkinson', 'QX%Z3oUgs4', 'active', '', 32),
(881, 'Henry', 'Russell', '641nbCZWXj', 'active', '', 45),
(882, 'Duncan', 'Clarke', 'azU5@4W6,C', 'active', '', 27),
(883, 'Eve', 'Hughes', ',dnF?j8Cj7', 'active', '', 52),
(884, 'Owen', 'Hill', 'Lgr$NH7Hn4', 'active', '', 23),
(885, 'Doris', 'Clarke', 'KhF8£vYXEV', 'active', '', 36),
(886, 'Ben', 'Scott', 'l$sZ£4hBRP', 'active', '', 17),
(887, 'Ray', 'Morris', '6XCSG$TA71', 'active', '', 30),
(888, 'Emma', 'Mitchel', 'e8HhsGJB5D', 'active', '', 43),
(889, 'Neal', 'Cooper', 'XN$£z03dXa', 'active', '', 56),
(890, 'Ray', 'Hughes', 'Q6JLAvqvzG', 'active', '', 37),
(891, 'Janet', 'Anderson', 'G3uatn6edf', 'active', '', 50),
(892, 'Tommie', 'Atkinson', 'EoBo7wwdYn', 'active', '', 21);
INSERT INTO `voter_codes` (`Code_num`, `First_name`, `Last_name`, `Code`, `Status`, `Flags`, `Con_num`) VALUES
(893, 'Tori', 'Richardson', 'dgr7g@r£Sa', 'active', '', 34),
(894, 'Cameron', 'Campbell', 'hwlM0cg8Ob', 'active', '', 57),
(895, 'Mason', 'Young', 'Fx3Qp3qqj0', 'active', '', 5),
(896, 'Cameron', 'Russell', 'HxiUnSzQp@', 'active', '', 17),
(897, 'Amy', 'Ross', 'WLCxe7w?1%', 'active', '', 30),
(898, 'Yvonne', 'Sanders', 'xG8?_yj12R', 'active', '', 12),
(899, 'Tommie', 'Gibson', ',T00xBE2EC', 'active', '', 24),
(900, 'Daniel', 'Atkinson', 'wqbq3JR25R', 'active', '', 37),
(901, 'Amy', 'Morris', 'Bc33%m2q9B', 'active', '', 50),
(902, 'Clara', 'Green', '*50QdUlIb£', 'active', '', 31),
(903, 'Cameron', 'Palmer', 'Ol3BciiuaC', 'active', '', 44),
(904, 'Malcom', 'Powell', '92fVN4oXOv', 'active', '', 15),
(905, 'Zane', 'Jones', '4g29kdqF5r', 'active', '', 28),
(906, 'Debbie', 'Clarke', '6£t*$1F3vR', 'active', '', 25),
(907, 'Jo', 'Harris', '*,8aX1WxLc', 'active', '', 45),
(908, 'Natalie', 'Harris', '*%cdkrXp,v', 'active', '', 41),
(909, 'Jack', 'Harris', 'HhtjwWv,hs', 'active', '', 54),
(910, 'Doris', 'Moore', '3jkSX1596L', 'active', '', 49),
(911, 'Kyle', 'Price', 'wy_?K*p4RP', 'active', '', 32),
(912, 'Daniel', 'Howard', 'em3WJ_GQVO', 'active', '', 45),
(913, 'Colin', 'Moore', 'lx£l3££O9?', 'active', '', 58),
(914, 'Luke', 'Anderson', 'lp?K2gpjxs', 'active', '', 39),
(915, 'Janet', 'Gray', '4JX8H£QoS£', 'active', '', 52),
(916, 'Cameron', 'Gray', 'mK@Cp2LdT0', 'active', '', 23),
(917, 'Alex', 'Green', '?,wVfVB15q', 'active', '', 36),
(918, 'Neal', 'Atkinson', 'i110x3eg%D', 'active', '', 48),
(919, 'Zane', 'Sanders', 'K*,Jsdwv%S', 'active', '', 61),
(920, 'Hannah', 'Atkinson', 'Pe%O3iAZtu', 'active', '', 43),
(921, 'Natalie', 'Winters', '0hpd3mcbkG', 'active', '', 55),
(922, 'Craig', 'Campbell', 'VMcoH949Ma', 'active', '', 3),
(923, 'Patrick', 'Griffin', 'bsl0JwqpLp', 'active', '', 39),
(924, 'Ashley', 'Patterson', 'O$TF59%5vW', 'active', '', 52),
(925, 'Tommie', 'Williams', 'k?BMhdYtkR', 'active', '', 33),
(926, 'Ashley', 'Mitchel', 'gDQj7_xsTB', 'active', '', 46),
(927, 'Zane', 'Bennett', 'KtMO4wv@lt', 'active', '', 59),
(928, 'Cameron', 'Griffin', 'bafDj*V92y', 'active', '', 6),
(929, 'Hannah', 'Green', '£Q1z4VFD1E', 'active', '', 53),
(930, 'Daniel', 'Hall', 'B5_*uek0%w', 'active', '', 1),
(931, 'Natalie', 'Sanders', 'Stcs*@Cg4D', 'active', '', 37),
(932, 'Hillary', 'Bailey', 'Y1BI49kU20', 'active', '', 33),
(933, 'Claire', 'Parker', 'Ia,?3pkdcw', 'active', '', 17),
(934, 'Cody', 'Thompson', 'FYrg£zj6oR', 'active', '', 30),
(935, 'John', 'Campbell', 'LfEz$7TZyC', 'active', '', 11),
(936, 'Emma', 'Johnson', '0JSVfa8S$t', 'active', '', 47),
(937, 'Lydia', 'Henderson', 'nwF3rjKABe', 'active', '', 49),
(938, 'Evan', 'Powell', 'dyRqwiHQ@8', 'active', '', 31),
(939, 'Paul', 'Gibson', 'VTiRUbd3u6', 'active', '', 44),
(940, 'Malcom', 'Williams', ',THWFwkJ?k', 'active', '', 56),
(941, 'Natalie', 'Davies', '4MOoW$cCwZ', 'active', '', 15),
(942, 'Craig', 'Thompson', '5H@RZ7vbkV', 'active', '', 51),
(943, 'Ashley', 'Nelson', 'zqcYIhgXEz', 'active', '', 40),
(944, 'Debbie', 'Edwards', '0£QJ%pexZB', 'active', '', 22),
(945, 'Hillary', 'Davidson', 'Bz%tYFd_CU', 'active', '', 34),
(946, 'John', 'Walker', 'vL2YruKsg3', 'active', '', 5),
(947, 'Cody', 'Jones', '$gD7NzJzDP', 'active', '', 60),
(948, 'Alex', 'Ford', 'hcLWfpnM%0', 'active', '', 41),
(949, 'Anne', 'Bennett', '0Ba5_JS_L?', 'active', '', 54),
(950, 'Doris', 'Green', 'kUYQ_7DQmI', 'active', '', 2),
(951, 'Claire', 'Ross', 'dvp@NI73@i', 'active', '', 14),
(952, 'Cameron', 'Hill', 'tAC4fuR,e0', 'active', '', 61),
(953, 'Ray', 'Davies', '55Bo$3nGF7', 'active', '', 50),
(954, 'Martin', 'Morgan', 'PFLlM9Ilnd', 'active', '', 63),
(955, 'Tommie', 'Cooper', 'u8y,%2Wsmb', 'active', '', 45),
(956, 'Paul', 'Powell', '%$mMcURUDm', 'active', '', 57),
(957, 'Luke', 'Morgan', 'vBts2w6xjN', 'active', '', 5),
(958, 'Jo', 'Adams', 'xX@CDT07FO', 'active', '', 41),
(959, 'Vivian', 'Nelson', '1,QOwdfpgu', 'active', '', 54),
(960, 'Alex', 'Moore', 'DvZSo%f76$', 'active', '', 35),
(961, 'Hannah', 'Hall', '9ApOUuR1*8', 'active', '', 19),
(962, 'Natalie', 'Martin', 'oBxqCaI_qe', 'active', '', 15),
(963, 'Henry', 'Johnson', 'e2B%e*OOCC', 'active', '', 51),
(964, 'Daniel', 'Griffin', 'MkpIVtzVOC', 'active', '', 64),
(965, 'Alex', 'Hill', 'UzJt6H$tqz', 'active', '', 12),
(966, 'Mason', 'Davidson', 'KMKJ,xYev8', 'active', '', 48),
(967, 'David', 'Barnes', 'v4NyX1MNiz', 'active', '', 30),
(968, 'Ben', 'Morgan', '06o6SyI1HL', 'active', '', 42),
(969, 'Tanya', 'Jones', 'U0u9Y$Lpw7', 'active', '', 55),
(970, 'Tori', 'Price', '7vOBxG0£_1', 'active', '', 3),
(971, 'Janet', 'Johnson', '1?XLRDutEw', 'active', '', 49),
(972, 'Ashley', 'Green', 'lFYe@IFtZw', 'active', '', 62),
(973, 'katherine', 'Price', 'CLLY,5LlAN', 'active', '', 33),
(974, 'Patrick', 'Harris', 'bFp£@v*X5T', 'active', '', 46),
(975, 'Maud', 'Green', 'pr39JmG3aG', 'active', '', 17),
(976, 'Ron', 'Green', '?*wIZ93tH@', 'active', '', 65),
(977, 'Alex', 'Baker', 'zk8h£J?Fq3', 'active', '', 26),
(978, 'Samantha', 'Walker', 'ncua@GmJy@', 'active', '', 62),
(979, 'Vivian', 'Price', 'B6iFszBvV5', 'active', '', 33),
(980, 'Mason', 'Adams', '?QQPAFHVv1', 'active', '', 45),
(981, 'katherine', 'Clarke', '6ULbl,u@h8', 'active', '', 16),
(982, 'Mason', 'Johnson', '07Q0E0gsI3', 'active', '', 11),
(983, 'Natalie', 'Ford', '%nfpfj,r$P', 'active', '', 47),
(984, 'Paul', 'Russell', '_HPXstgypj', 'active', '', 20),
(985, 'Vivian', 'Henderson', 'GAPV0S2Ldg', 'active', '', 63),
(986, 'Natalie', 'Carter', 'wJ$7QiEu37', 'active', '', 11),
(987, 'Anne', 'Griffin', 'HAjNdbtsB6', 'active', '', 57),
(988, 'Maud', 'Hall', 'X1G£AV?X?5', 'active', '', 5),
(989, 'Eve', 'Atkinson', '_z9mcncplZ', 'active', '', 18),
(990, 'Kerry', 'Wilson', '£GkTm112sm', 'active', '', 30),
(991, 'Dan', 'Henderson', 'OVvKfM?Kf%', 'active', '', 12),
(992, 'Cameron', 'Davies', 'wcjM9dC7*y', 'active', '', 25),
(993, 'Kerry', 'Russell', 'dy,LmVJf7p', 'active', '', 61),
(994, 'Lewis', 'Patterson', 'Y00UM14Rey', 'active', '', 8),
(995, 'Evan', 'Roberts', 'J,7S6G8VJH', 'active', '', 44),
(996, 'Colin', 'Patterson', '*NxXVpmNmm', 'active', '', 57),
(997, 'Lydia', 'Roberts', 'vP8,@Ng9lL', 'active', '', 5),
(998, 'Debbie', 'Miller', 'ub@oRM2_5P', 'active', '', 51),
(999, 'Malcom', 'Nelson', 'd1?6T1JUvQ', 'active', '', 64),
(1000, 'Zane', 'Henderson', '?vqScPke*l', 'active', '', 5),
(1001, 'bob', 'mcexample', 'letmein123', 'active', '', 1);

--
-- Indexes for dumped tables
--

--
-- Indexes for table `candidates`
--
ALTER TABLE `candidates`
  ADD PRIMARY KEY (`ID`),
  ADD KEY `Party_ID` (`Party_ID`),
  ADD KEY `Standing_in` (`Standing_in`);

--
-- Indexes for table `constituencies`
--
ALTER TABLE `constituencies`
  ADD PRIMARY KEY (`ID`),
  ADD KEY `Party` (`Party`);

--
-- Indexes for table `login_history`
--
ALTER TABLE `login_history`
  ADD PRIMARY KEY (`Login_num`),
  ADD KEY `User_ID` (`User_ID`);

--
-- Indexes for table `offical_logins`
--
ALTER TABLE `offical_logins`
  ADD UNIQUE KEY `User_ID` (`User_ID`),
  ADD UNIQUE KEY `Username` (`Username`);

--
-- Indexes for table `parties`
--
ALTER TABLE `parties`
  ADD PRIMARY KEY (`ID`),
  ADD UNIQUE KEY `Party_ID` (`Party_ID`);

--
-- Indexes for table `previous_incumbents`
--
ALTER TABLE `previous_incumbents`
  ADD UNIQUE KEY `Constituency_no` (`Constituency_no`);

--
-- Indexes for table `results`
--
ALTER TABLE `results`
  ADD PRIMARY KEY (`Constituency_no`);

--
-- Indexes for table `voter_codes`
--
ALTER TABLE `voter_codes`
  ADD PRIMARY KEY (`Code_num`),
  ADD UNIQUE KEY `Code` (`Code`);

--
-- AUTO_INCREMENT for dumped tables
--

--
-- AUTO_INCREMENT for table `login_history`
--
ALTER TABLE `login_history`
  MODIFY `Login_num` int(11) NOT NULL AUTO_INCREMENT, AUTO_INCREMENT=80;

--
-- AUTO_INCREMENT for table `voter_codes`
--
ALTER TABLE `voter_codes`
  MODIFY `Code_num` int(8) NOT NULL AUTO_INCREMENT, AUTO_INCREMENT=1002;

--
-- Constraints for dumped tables
--

--
-- Constraints for table `candidates`
--
ALTER TABLE `candidates`
  ADD CONSTRAINT `candidates_ibfk_1` FOREIGN KEY (`Party_ID`) REFERENCES `parties` (`Party_ID`),
  ADD CONSTRAINT `candidates_ibfk_2` FOREIGN KEY (`Standing_in`) REFERENCES `constituencies` (`ID`);

--
-- Constraints for table `constituencies`
--
ALTER TABLE `constituencies`
  ADD CONSTRAINT `constituencies_ibfk_1` FOREIGN KEY (`Party`) REFERENCES `parties` (`Party_ID`);

--
-- Constraints for table `login_history`
--
ALTER TABLE `login_history`
  ADD CONSTRAINT `login_history_ibfk_1` FOREIGN KEY (`User_ID`) REFERENCES `offical_logins` (`User_ID`);

--
-- Constraints for table `previous_incumbents`
--
ALTER TABLE `previous_incumbents`
  ADD CONSTRAINT `previous_incumbents_ibfk_1` FOREIGN KEY (`Constituency_no`) REFERENCES `constituencies` (`ID`);

--
-- Constraints for table `results`
--
ALTER TABLE `results`
  ADD CONSTRAINT `results_ibfk_1` FOREIGN KEY (`Constituency_no`) REFERENCES `constituencies` (`ID`);
COMMIT;

/*!40101 SET CHARACTER_SET_CLIENT=@OLD_CHARACTER_SET_CLIENT */;
/*!40101 SET CHARACTER_SET_RESULTS=@OLD_CHARACTER_SET_RESULTS */;
/*!40101 SET COLLATION_CONNECTION=@OLD_COLLATION_CONNECTION */;
