{
  "Parties": [
    {"ID": 1, "Party_ID": "TORY", "Colour": "Blue", "Name": "Whig and Unionist Party"},
    {"ID": 2, "Party_ID": "LABR", "Colour": "Red", "Name": "The Workers Party"},
    {"ID": 3, "Party_ID": "DEMS", "Colour": "Yellow", "Name": "The Democratic Party"},
    {"ID": 4, "Party_ID": "ENVI", "Colour": "Green", "Name": "Enviromental alliance for peace"},
    {"ID": 5, "Party_ID": "PYRT", "Colour": "Orange", "Name": "Pirate Party"},
    {"ID": 6, "Party_ID": "KING", "Colour": "Purple", "Name": "The Monarchist and nobility restoration party"},
    {"ID": 7,"Party_ID": "HMEC", "Colour": "HOC green", "Name": "HM Electoral Commission"},
    {"ID": 8, "Party_ID": "SPKR", "Colour": "Grey", "Name": "Speaker"},
    {"ID": 9, "Party_ID": "HMQE", "Colour": "Gold", "Name": "Monarchy"},
    {"ID": 10, "Party_ID": "RETS", "Colour": "Silver", "Name": "Retirees"}
  ],
  "Version_number": 1,
  "Valid_until": "2024-11-19T12:00:00.000Z"
}